D_pw_mm,D_we_mm,L_we_mm,alpha,Z,Zmax,cage_valid,cage_mass,mass,sum4,diff,cageR,cageW,setok
3330.9,110.0,238.0,12.0,87,95.07,1,189.77039666039764,5634.329614275391,5634.32961427539,9.094947017729282e-13,1.6929500000000002,0.3094,1
3330.9,110.0,238.0,19.0,87,95.04,1,189.77039666040113,5575.530508312889,5575.530508312889,0.0,1.6929500000000002,0.3094,1
3330.9,110.0,238.0,24.0,87,95.03,1,189.77039666039417,5517.024291864898,5517.024291864899,-9.094947017729282e-13,1.6929500000000002,0.3094,1
3330.9,110.0,238.0,30.0,87,95.01,1,189.77039666039417,5417.362394226471,5417.362394226471,0.0,1.6929500000000002,0.3094,1
3330.9,110.0,325.0,12.0,87,95.05,1,220.1033520438331,7438.379511367759,7438.379511367758,9.094947017729282e-13,1.6929500000000002,0.397,1
3330.9,110.0,325.0,19.0,87,95.02,1,220.1033520438366,7364.92174189392,7364.92174189392,0.0,1.6929500000000002,0.397,1
3330.9,110.0,325.0,24.0,87,95.0,1,220.1033520438331,7338.2261080423805,7338.2261080423805,0.0,1.6929500000000002,0.397,1
3330.9,110.0,325.0,30.0,87,94.98,1,220.1033520438331,7282.954316426746,7282.954316426746,0.0,1.6929500000000002,0.397,1
3330.9,110.0,415.0,12.0,87,95.03,1,250.53208328031846,9303.290231842,9303.290231842,0.0,1.6929500000000002,0.487,1
3330.9,110.0,415.0,19.0,87,94.99,1,250.53208328032542,9261.52242514223,9261.52242514223,0.0,1.6929500000000002,0.487,1
3330.9,110.0,415.0,24.0,87,94.96,1,250.53208328032542,9301.22527902294,9301.22527902294,0.0,1.6929500000000002,0.487,1
3330.9,110.0,415.0,30.0,87,94.94,1,250.53208328031846,9312.325186097341,9312.325186097341,0.0,1.6929500000000002,0.487,1
3330.9,140.0,238.0,12.0,68,74.68,1,246.08421461221852,6083.958363901523,6083.958363901523,0.0,1.70045,0.3094,1
3330.9,140.0,238.0,19.0,68,74.65,1,246.084214612222,6007.133828252831,6007.133828252831,0.0,1.70045,0.3094,1
3330.9,140.0,238.0,24.0,68,74.64,1,246.084214612222,5895.189132353973,5895.189132353973,0.0,1.70045,0.3094,1
3330.9,140.0,238.0,30.0,68,74.62,1,246.0842146122255,5770.650530927777,5770.650530927777,0.0,1.70045,0.3094,1
3330.9,140.0,325.0,12.0,68,74.66,1,286.1359432436877,8036.01724022308,8036.01724022308,0.0,1.70045,0.397,1
3330.9,140.0,325.0,19.0,68,74.63,1,286.13594324369114,7947.051703128349,7947.05170312835,-9.094947017729282e-13,1.70045,0.397,1
3330.9,140.0,325.0,24.0,68,74.61,1,286.1359432436946,7862.22993716334,7862.22993716334,0.0,1.70045,0.397,1
3330.9,140.0,325.0,30.0,68,74.59,1,286.13594324369814,7773.468340582591,7773.468340582591,0.0,1.70045,0.397,1
3330.9,140.0,415.0,12.0,68,74.64,1,326.3540781253498,10053.757948870589,10053.757948870589,0.0,1.70045,0.487,1
3330.9,140.0,415.0,19.0,68,74.6,1,326.35407812535675,10008.43411634248,10008.43411634248,0.0,1.70045,0.487,1
3330.9,140.0,415.0,24.0,68,74.57,1,326.35407812533583,9976.788614888477,9976.788614888477,0.0,1.70045,0.487,1
3330.9,140.0,415.0,30.0,68,74.55,1,326.35407812535675,9945.566516619854,9945.566516619854,0.0,1.70045,0.487,1
3330.9,140.0,500.0,12.0,68,74.63,1,364.33787218025833,11960.922935130675,11960.922935130675,0.0,1.70045,0.5720000000000001,1
3330.9,140.0,500.0,19.0,68,74.58,1,364.33787218027226,12013.894012513458,12013.894012513458,0.0,1.70045,0.5720000000000001,1
3330.9,140.0,500.0,24.0,68,74.54,1,364.33787218025134,12046.46069264841,12046.46069264841,0.0,1.70045,0.5720000000000001,1
3330.9,140.0,500.0,30.0,68,74.51,1,364.33787218025134,12093.616236196716,12093.616236196716,0.0,1.70045,0.5720000000000001,1
3330.9,170.0,325.0,12.0,56,61.47,1,351.61180020523847,8641.4213178254,8641.4213178254,0.0,1.70795,0.397,1
3330.9,170.0,325.0,19.0,56,61.43,1,351.611800205235,8512.385923552381,8512.385923552381,0.0,1.70795,0.397,1
3330.9,170.0,325.0,24.0,56,61.41,1,351.611800205235,8398.326560340527,8398.326560340527,0.0,1.70795,0.397,1
3330.9,170.0,325.0,30.0,56,61.39,1,351.611800205228,8275.901673905491,8275.901673905491,0.0,1.70795,0.397,1
3330.9,170.0,415.0,12.0,56,61.45,1,401.3914093113869,10814.816524720825,10814.816524720825,0.0,1.70795,0.487,1
3330.9,170.0,415.0,19.0,56,61.41,1,401.3914093114008,10735.969610605222,10735.969610605222,0.0,1.70795,0.487,1
3330.9,170.0,415.0,24.0,56,61.38,1,401.39140931139383,10667.49234340812,10667.49234340812,0.0,1.70795,0.487,1
3330.9,170.0,415.0,30.0,56,61.35,1,401.39140931139735,10593.862225541963,10593.862225541963,0.0,1.70795,0.487,1
3330.9,170.0,500.0,12.0,56,61.43,1,448.405484578337,12876.618604217945,12876.618604217945,0.0,1.70795,0.5720000000000001,1
3330.9,170.0,500.0,19.0,56,61.38,1,448.405484578337,12895.334565137868,12895.334565137868,0.0,1.70795,0.5720000000000001,1
3330.9,170.0,500.0,24.0,56,61.35,1,448.405484578337,12883.878672366098,12883.878672366098,0.0,1.70795,0.5720000000000001,1
3330.9,170.0,500.0,30.0,56,61.31,1,448.405484578323,12880.245576410343,12880.245576410343,0.0,1.70795,0.5720000000000001,1
3330.9,200.0,325.0,12.0,48,52.23,1,412.6643901334746,9300.994783078888,9300.994783078888,0.0,1.7154500000000001,0.397,1
3330.9,200.0,325.0,19.0,48,52.2,1,412.6643901334781,9107.115331976056,9107.115331976054,1.8189894035458565e-12,1.7154500000000001,0.397,1
3330.9,200.0,325.0,24.0,48,52.18,1,412.6643901334816,8989.936770752189,8989.936770752189,0.0,1.7154500000000001,0.397,1
3330.9,200.0,325.0,30.0,48,52.16,1,412.6643901334816,8807.613511262602,8807.613511262602,0.0,1.7154500000000001,0.397,1
3330.9,200.0,415.0,12.0,48,52.21,1,470.706811884884,11645.12563933101,11645.125639331009,1.8189894035458565e-12,1.7154500000000001,0.487,1
3330.9,200.0,415.0,19.0,48,52.17,1,470.706811884891,11500.779714481068,11500.779714481068,0.0,1.7154500000000001,0.487,1
3330.9,200.0,415.0,24.0,48,52.14,1,470.7068118848771,11427.222042976897,11427.222042976897,0.0,1.7154500000000001,0.487,1
3330.9,200.0,415.0,30.0,48,52.12,1,470.706811884884,11279.304163531044,11279.304163531044,0.0,1.7154500000000001,0.487,1
3330.9,200.0,500.0,12.0,48,52.2,1,525.5246546500952,13879.631373644872,13879.631373644874,-1.8189894035458565e-12,1.7154500000000001,0.5720000000000001,1
3330.9,200.0,500.0,19.0,48,52.15,1,525.5246546500812,13821.32463813738,13821.32463813738,0.0,1.7154500000000001,0.5720000000000001,1
3330.9,200.0,500.0,24.0,48,52.11,1,525.5246546501021,13803.264005559931,13803.264005559931,0.0,1.7154500000000001,0.5720000000000001,1
3330.9,200.0,500.0,30.0,48,52.08,1,525.5246546501021,13711.392178212389,13711.39217821239,-1.8189894035458565e-12,1.7154500000000001,0.5720000000000001,1
3600.0,110.0,238.0,12.0,94,102.76,1,204.5736281089974,6403.318322480794,6403.318322480794,0.0,1.8275000000000001,0.3094,1
3600.0,110.0,238.0,19.0,94,102.74,1,204.57362810900088,6364.631918579998,6364.631918579998,0.0,1.8275000000000001,0.3094,1
3600.0,110.0,238.0,24.0,94,102.72,1,204.5736281089974,6275.879701931265,6275.879701931266,-9.094947017729282e-13,1.8275000000000001,0.3094,1
3600.0,110.0,238.0,30.0,94,102.71,1,204.57362810900088,6174.033482590705,6174.033482590705,0.0,1.8275000000000001,0.3094,1
3600.0,110.0,325.0,12.0,94,102.74,1,237.21532696529056,8453.023294069402,8453.023294069404,-1.8189894035458565e-12,1.8275000000000001,0.397,1
3600.0,110.0,325.0,19.0,94,102.71,1,237.2153269652801,8403.256303477227,8403.256303477228,-1.8189894035458565e-12,1.8275000000000001,0.397,1
3600.0,110.0,325.0,24.0,94,102.69,1,237.2153269652801,8322.455547545518,8322.455547545518,0.0,1.8275000000000001,0.397,1
3600.0,110.0,325.0,30.0,94,102.67,1,237.2153269652766,8273.753502844444,8273.753502844444,0.0,1.8275000000000001,0.397,1
3600.0,110.0,415.0,12.0,94,102.73,1,269.9568957463837,10571.948412254334,10571.948412254334,0.0,1.8275000000000001,0.487,1
3600.0,110.0,415.0,19.0,94,102.69,1,269.9568957463976,10540.094053828881,10540.094053828881,0.0,1.8275000000000001,0.487,1
3600.0,110.0,415.0,24.0,94,102.66,1,269.9568957463837,10524.37103801182,10524.37103801182,0.0,1.8275000000000001,0.487,1
3600.0,110.0,415.0,30.0,94,102.64,1,269.9568957463906,10553.51223309448,10553.51223309448,0.0,1.8275000000000001,0.487,1
3600.0,140.0,238.0,12.0,74,80.72,1,262.2819654069269,6913.4011302213175,6913.4011302213175,0.0,1.835,0.3094,1
3600.0,140.0,238.0,19.0,74,80.7,1,262.2819654069304,6819.163049537702,6819.163049537702,0.0,1.835,0.3094,1
3600.0,140.0,238.0,24.0,74,80.69,1,262.28196540693386,6702.628275079365,6702.628275079364,9.094947017729282e-13,1.835,0.3094,1
3600.0,140.0,238.0,30.0,74,80.67,1,262.2819654069234,6561.406340814748,6561.406340814748,0.0,1.835,0.3094,1
3600.0,140.0,325.0,12.0,74,80.71,1,304.3060564744859,9130.963744284734,9130.963744284734,0.0,1.835,0.397,1
3600.0,140.0,325.0,19.0,74,80.68,1,304.30605647449283,9010.997229094592,9010.997229094592,0.0,1.835,0.397,1
3600.0,140.0,325.0,24.0,74,80.66,1,304.30605647449636,8914.720849448102,8914.720849448102,0.0,1.835,0.397,1
3600.0,140.0,325.0,30.0,74,80.64,1,304.3060564744859,8813.408794851424,8813.408794851424,0.0,1.835,0.397,1
3600.0,140.0,415.0,12.0,74,80.69,1,346.46845276186065,11423.234183999519,11423.234183999519,0.0,1.835,0.487,1
3600.0,140.0,415.0,19.0,74,80.65,1,346.4684527618676,11324.174835395563,11324.174835395563,0.0,1.835,0.487,1
3600.0,140.0,415.0,24.0,74,80.63,1,346.4684527618885,11288.365369504289,11288.365369504289,0.0,1.835,0.487,1
3600.0,140.0,415.0,30.0,74,80.6,1,346.4684527618746,11251.745673371279,11251.745673371279,0.0,1.835,0.487,1
3600.0,140.0,500.0,12.0,74,80.68,1,386.2884936999481,13587.719663796253,13587.719663796252,1.8189894035458565e-12,1.835,0.5720000000000001,1
3600.0,140.0,500.0,19.0,74,80.63,1,386.2884936999551,13571.519682193384,13571.519682193382,1.8189894035458565e-12,1.835,0.5720000000000001,1
3600.0,140.0,500.0,24.0,74,80.6,1,386.2884936999551,13609.000637718756,13609.000637718756,0.0,1.835,0.5720000000000001,1
3600.0,140.0,500.0,30.0,74,80.57,1,386.2884936999621,13657.623453686627,13657.623453686629,-1.8189894035458565e-12,1.835,0.5720000000000001,1
3600.0,170.0,325.0,12.0,61,66.45,1,373.0494990567756,9807.309373604685,9807.309373604685,0.0,1.8425,0.397,1
3600.0,170.0,325.0,19.0,61,66.42,1,373.0494990567756,9636.68631839383,9636.68631839383,0.0,1.8425,0.397,1
3600.0,170.0,325.0,24.0,61,66.4,1,373.0494990567686,9506.862709112902,9506.862709112902,0.0,1.8425,0.397,1
3600.0,170.0,325.0,30.0,61,66.38,1,373.04949905677904,9355.219188080911,9355.219188080911,0.0,1.8425,0.397,1
3600.0,170.0,415.0,12.0,61,66.43,1,425.01664037755006,12273.78282493065,12273.782824930648,1.8189894035458565e-12,1.8425,0.487,1
3600.0,170.0,415.0,19.0,61,66.39,1,425.01664037754307,12130.419907635209,12130.419907635209,0.0,1.8425,0.487,1
3600.0,170.0,415.0,24.0,61,66.37,1,425.01664037754307,12051.205142890305,12051.205142890305,0.0,1.8425,0.487,1
3600.0,170.0,415.0,30.0,61,66.34,1,425.01664037752914,11952.56641026538,11952.56641026538,0.0,1.8425,0.487,1
3600.0,170.0,500.0,12.0,61,66.42,1,474.09671829161215,14603.047546986678,14603.047546986678,0.0,1.8425,0.5720000000000001,1
3600.0,170.0,500.0,19.0,61,66.37,1,474.0967182915982,14548.70630622266,14548.70630622266,0.0,1.8425,0.5720000000000001,1
3600.0,170.0,500.0,24.0,61,66.34,1,474.0967182916052,14533.961204473968,14533.961204473968,0.0,1.8425,0.5720000000000001,1
3600.0,170.0,500.0,30.0,61,66.31,1,474.0967182916052,14509.069256366494,14509.069256366494,0.0,1.8425,0.5720000000000001,1
3600.0,200.0,325.0,12.0,52,56.46,1,441.5676244974343,10473.666678978156,10473.666678978156,0.0,1.85,0.397,1
3600.0,200.0,325.0,19.0,52,56.43,1,441.5676244974413,10272.479177191744,10272.479177191744,0.0,1.85,0.397,1
3600.0,200.0,325.0,24.0,52,56.41,1,441.5676244974343,10111.654036027456,10111.654036027458,-1.8189894035458565e-12,1.85,0.397,1
3600.0,200.0,325.0,30.0,52,56.4,1,441.5676244974273,9907.773052932258,9907.77305293226,-1.8189894035458565e-12,1.85,0.397,1
3600.0,200.0,415.0,12.0,52,56.45,1,503.2033584730972,13112.414610503636,13112.414610503636,0.0,1.85,0.487,1
3600.0,200.0,415.0,19.0,52,56.41,1,503.2033584730972,12948.057799699547,12948.057799699547,0.0,1.85,0.487,1
3600.0,200.0,415.0,24.0,52,56.38,1,503.2033584730972,12830.66412992284,12830.66412992284,0.0,1.85,0.487,1
3600.0,200.0,415.0,30.0,52,56.36,1,503.2033584731111,12666.807601012346,12666.807601012346,0.0,1.85,0.487,1
3600.0,200.0,500.0,12.0,52,56.43,1,561.4148850056777,15609.486257096243,15609.486257096243,0.0,1.85,0.5720000000000001,1
3600.0,200.0,500.0,19.0,52,56.39,1,561.4148850056777,15538.541097439658,15538.541097439656,1.8189894035458565e-12,1.85,0.5720000000000001,1
3600.0,200.0,500.0,24.0,52,56.35,1,561.4148850056777,15479.424694784833,15479.424694784833,0.0,1.85,0.5720000000000001,1
3600.0,200.0,500.0,30.0,52,56.32,1,561.4148850056567,15376.495949780861,15376.495949780861,0.0,1.85,0.5720000000000001,1
3900.0,110.0,238.0,12.0,102,111.33,1,220.43644973328676,7344.817776545945,7344.817776545945,0.0,1.9775,0.3094,1
3900.0,110.0,238.0,19.0,102,111.31,1,220.43644973328676,7277.829998977894,7277.829998977894,0.0,1.9775,0.3094,1
3900.0,110.0,238.0,24.0,102,111.3,1,220.4364497332728,7208.484023600712,7208.484023600712,0.0,1.9775,0.3094,1
3900.0,110.0,238.0,30.0,102,111.28,1,220.4364497332798,7081.105744359777,7081.105744359777,0.0,1.9775,0.3094,1
3900.0,110.0,325.0,12.0,102,111.32,1,255.417967346988,9695.191384409158,9695.191384409158,0.0,1.9775,0.397,1
3900.0,110.0,325.0,19.0,102,111.29,1,255.417967346988,9608.127559621262,9608.127559621262,0.0,1.9775,0.397,1
3900.0,110.0,325.0,24.0,102,111.27,1,255.41796734697405,9533.918092916638,9533.91809291664,-1.8189894035458565e-12,1.9775,0.397,1
3900.0,110.0,325.0,30.0,102,111.25,1,255.41796734699497,9457.425703265824,9457.425703265824,0.0,1.9775,0.397,1
3900.0,110.0,415.0,12.0,102,111.3,1,290.49584902436567,12125.02790744964,12125.02790744964,0.0,1.9775,0.487,1
3900.0,110.0,415.0,19.0,102,111.26,1,290.49584902435873,12028.82739396118,12028.82739396118,0.0,1.9775,0.487,1
3900.0,110.0,415.0,24.0,102,111.24,1,290.4958490243866,12024.761680486992,12024.761680486992,0.0,1.9775,0.487,1
3900.0,110.0,415.0,30.0,102,111.22,1,290.49584902437965,12033.366006341284,12033.366006341284,0.0,1.9775,0.487,1
3900.0,140.0,238.0,12.0,80,87.46,1,283.98114002165596,7877.853112731605,7877.853112731605,0.0,1.9849999999999999,0.3094,1
3900.0,140.0,238.0,19.0,80,87.44,1,283.98114002165596,7789.872543672177,7789.872543672177,0.0,1.9849999999999999,0.3094,1
3900.0,140.0,238.0,24.0,80,87.43,1,283.9811400216664,7648.747833327567,7648.747833327567,0.0,1.9849999999999999,0.3094,1
3900.0,140.0,238.0,30.0,80,87.41,1,283.98114002166295,7486.7909977265845,7486.790997726585,-9.094947017729282e-13,1.9849999999999999,0.3094,1
3900.0,140.0,325.0,12.0,80,87.44,1,329.53520414790955,10403.898861211193,10403.898861211193,0.0,1.9849999999999999,0.397,1
3900.0,140.0,325.0,19.0,80,87.42,1,329.53520414790256,10289.979748329344,10289.979748329344,0.0,1.9849999999999999,0.397,1
3900.0,140.0,325.0,24.0,80,87.4,1,329.53520414790955,10141.588197539175,10141.588197539175,0.0,1.9849999999999999,0.397,1
3900.0,140.0,325.0,30.0,80,87.38,1,329.53520414789557,10025.225476025242,10025.225476025242,0.0,1.9849999999999999,0.397,1
3900.0,140.0,415.0,12.0,80,87.43,1,375.24214672724133,13015.142809951556,13015.142809951556,0.0,1.9849999999999999,0.487,1
3900.0,140.0,415.0,19.0,80,87.39,1,375.24214672724133,12900.406756900662,12900.40675690066,1.8189894035458565e-12,1.9849999999999999,0.487,1
3900.0,140.0,415.0,24.0,80,87.37,1,375.2421467272483,12811.439348195474,12811.439348195474,0.0,1.9849999999999999,0.487,1
3900.0,140.0,415.0,30.0,80,87.35,1,375.24214672726225,12770.195464114473,12770.195464114473,0.0,1.9849999999999999,0.487,1
3900.0,140.0,500.0,12.0,80,87.42,1,418.4098147188677,15480.844997005304,15480.844997005304,0.0,1.9849999999999999,0.5720000000000001,1
3900.0,140.0,500.0,19.0,80,87.37,1,418.4098147188677,15431.797745580889,15431.79774558089,-1.8189894035458565e-12,1.9849999999999999,0.5720000000000001,1
3900.0,140.0,500.0,24.0,80,87.34,1,418.4098147188677,15419.3572360831,15419.357236083102,-1.8189894035458565e-12,1.9849999999999999,0.5720000000000001,1
3900.0,140.0,500.0,30.0,80,87.31,1,418.4098147188747,15472.394142959987,15472.394142959987,0.0,1.9849999999999999,0.5720000000000001,1
3900.0,170.0,325.0,12.0,66,72.0,1,403.05888258864184,11154.39435876307,11154.39435876307,0.0,1.9925,0.397,1
3900.0,170.0,325.0,19.0,66,71.97,1,403.0588825886488,10944.214634342048,10944.214634342046,1.8189894035458565e-12,1.9925,0.397,1
3900.0,170.0,325.0,24.0,66,71.95,1,403.05888258864184,10793.715181290514,10793.715181290514,0.0,1.9925,0.397,1
3900.0,170.0,325.0,30.0,66,71.93,1,403.0588825886488,10587.8531037951,10587.8531037951,0.0,1.9925,0.397,1
3900.0,170.0,415.0,12.0,66,71.98,1,459.15675920019095,13958.538046321968,13958.538046321968,0.0,1.9925,0.487,1
3900.0,170.0,415.0,19.0,66,71.95,1,459.1567592001561,13745.4962738959,13745.4962738959,0.0,1.9925,0.487,1
3900.0,170.0,415.0,24.0,66,71.92,1,459.1567592001631,13652.371243452231,13652.37124345223,1.8189894035458565e-12,1.9925,0.487,1
3900.0,170.0,415.0,30.0,66,71.9,1,459.156759200177,13500.723161806167,13500.723161806167,0.0,1.9925,0.487,1
3900.0,170.0,500.0,12.0,66,71.97,1,512.1380871110806,16606.407348242097,16606.407348242097,0.0,1.9925,0.5720000000000001,1
3900.0,170.0,500.0,19.0,66,71.92,1,512.1380871110457,16458.076169718628,16458.076169718628,0.0,1.9925,0.5720000000000001,1
3900.0,170.0,500.0,24.0,66,71.9,1,512.1380871110666,16439.788045782687,16439.788045782683,3.637978807091713e-12,1.9925,0.5720000000000001,1
3900.0,170.0,500.0,30.0,66,71.87,1,512.1380871110388,16362.109305787615,16362.109305787615,0.0,1.9925,0.5720000000000001,1
3900.0,200.0,325.0,12.0,56,61.18,1,480.55519377944404,11858.0029841779,11858.0029841779,0.0,2.0,0.397,1
3900.0,200.0,325.0,19.0,56,61.15,1,480.5551937794301,11590.256916101118,11590.256916101116,1.8189894035458565e-12,2.0,0.397,1
3900.0,200.0,325.0,24.0,56,61.14,1,480.55519377944404,11405.408004468361,11405.40800446836,1.8189894035458565e-12,2.0,0.397,1
3900.0,200.0,325.0,30.0,56,61.12,1,480.55519377945103,11159.978170410497,11159.978170410497,0.0,2.0,0.397,1
3900.0,200.0,415.0,12.0,56,61.17,1,548.0703612454216,14843.714507396204,14843.714507396204,0.0,2.0,0.487,1
3900.0,200.0,415.0,19.0,56,61.13,1,548.0703612454147,14580.566169337771,14580.566169337771,0.0,2.0,0.487,1
3900.0,200.0,415.0,24.0,56,61.11,1,548.0703612454147,14443.711747401641,14443.711747401643,-1.8189894035458565e-12,2.0,0.487,1
3900.0,200.0,415.0,30.0,56,61.09,1,548.0703612454147,14242.510411385447,14242.510411385447,0.0,2.0,0.487,1
3900.0,200.0,500.0,12.0,56,61.15,1,611.8346860743949,17663.047999666545,17663.047999666545,0.0,2.0,0.5720000000000001,1
3900.0,200.0,500.0,19.0,56,61.11,1,611.834686074374,17471.98857584128,17471.98857584128,0.0,2.0,0.5720000000000001,1
3900.0,200.0,500.0,24.0,56,61.08,1,611.8346860743949,17401.86167375623,17401.86167375623,0.0,2.0,0.5720000000000001,1
3900.0,200.0,500.0,30.0,56,61.05,1,611.8346860744089,17264.779720576258,17264.779720576254,3.637978807091713e-12,2.0,0.5720000000000001,1
4200.0,110.0,238.0,12.0,110,119.9,1,236.2992713575672,8334.095573071647,8334.095573071647,0.0,2.1275,0.3094,1
4200.0,110.0,238.0,19.0,110,119.88,1,236.2992713575881,8277.270204328497,8277.270204328497,0.0,2.1275,0.3094,1
4200.0,110.0,238.0,24.0,110,119.87,1,236.2992713575672,8189.096023417968,8189.096023417968,0.0,2.1275,0.3094,1
4200.0,110.0,238.0,30.0,110,119.86,1,236.29927135756023,8027.443427566065,8027.443427566066,-9.094947017729282e-13,2.1275,0.3094,1
4200.0,110.0,325.0,12.0,110,119.89,1,273.62060772869677,11000.869700874848,11000.869700874848,0.0,2.1275,0.397,1
4200.0,110.0,325.0,19.0,110,119.86,1,273.62060772868284,10926.858338173539,10926.858338173537,1.8189894035458565e-12,2.1275,0.397,1
4200.0,110.0,325.0,24.0,110,119.85,1,273.62060772867585,10814.90531305942,10814.90531305942,0.0,2.1275,0.397,1
4200.0,110.0,325.0,30.0,110,119.83,1,273.62060772868284,10688.921649843021,10688.921649843021,0.0,2.1275,0.397,1
4200.0,110.0,415.0,12.0,110,119.88,1,311.03480230232316,13757.890984335047,13757.890984335047,0.0,2.1275,0.487,1
4200.0,110.0,415.0,19.0,110,119.84,1,311.03480230232316,13666.662356931718,13666.662356931718,0.0,2.1275,0.487,1
4200.0,110.0,415.0,24.0,110,119.82,1,311.03480230232316,13606.17964170428,13606.179641704277,3.637978807091713e-12,2.1275,0.487,1
4200.0,110.0,415.0,30.0,110,119.8,1,311.03480230233015,13570.296930296607,13570.296930296607,0.0,2.1275,0.487,1
4200.0,140.0,238.0,12.0,86,94.19,1,305.68031463639744,8916.393978371585,8916.393978371585,0.0,2.1350000000000002,0.3094,1
4200.0,140.0,238.0,19.0,86,94.18,1,305.68031463640443,8794.739440798876,8794.739440798878,-1.8189894035458565e-12,2.1350000000000002,0.3094,1
4200.0,140.0,238.0,24.0,86,94.16,1,305.68031463639045,8671.663744059135,8671.663744059135,0.0,2.1350000000000002,0.3094,1
4200.0,140.0,238.0,30.0,86,94.15,1,305.6803146364079,8450.936703465937,8450.936703465937,0.0,2.1350000000000002,0.3094,1
4200.0,140.0,325.0,12.0,86,94.18,1,354.764351821315,11774.28058799529,11774.28058799529,0.0,2.1350000000000002,0.397,1
4200.0,140.0,325.0,19.0,86,94.16,1,354.76435182133594,11616.013654875806,11616.013654875806,0.0,2.1350000000000002,0.397,1
4200.0,140.0,325.0,24.0,86,94.14,1,354.76435182133594,11471.22493107589,11471.22493107589,0.0,2.1350000000000002,0.397,1
4200.0,140.0,325.0,30.0,86,94.12,1,354.76435182134986,11284.57033821147,11284.57033821147,0.0,2.1350000000000002,0.397,1
4200.0,140.0,415.0,12.0,86,94.17,1,404.0158406926322,14728.660279223212,14728.660279223212,0.0,2.1350000000000002,0.487,1
4200.0,140.0,415.0,19.0,86,94.13,1,404.0158406926322,14541.252167601973,14541.252167601973,0.0,2.1350000000000002,0.487,1
4200.0,140.0,415.0,24.0,86,94.11,1,404.0158406926392,14456.991169674955,14456.991169674953,1.8189894035458565e-12,2.1350000000000002,0.487,1
4200.0,140.0,415.0,30.0,86,94.09,1,404.01584069266704,14345.092855093693,14345.092855093695,-1.8189894035458565e-12,2.1350000000000002,0.487,1
4200.0,140.0,500.0,12.0,86,94.15,1,450.53113573777046,17518.39804974648,17518.39804974648,0.0,2.1350000000000002,0.5720000000000001,1
4200.0,140.0,500.0,19.0,86,94.11,1,450.5311357377844,17365.396057159447,17365.396057159447,0.0,2.1350000000000002,0.5720000000000001,1
4200.0,140.0,500.0,24.0,86,94.09,1,450.5311357377844,17371.548423299315,17371.548423299315,0.0,2.1350000000000002,0.5720000000000001,1
4200.0,140.0,500.0,30.0,86,94.06,1,450.5311357377844,17352.57169033083,17352.57169033083,0.0,2.1350000000000002,0.5720000000000001,1
4200.0,170.0,325.0,12.0,71,77.55,1,433.06826612052447,12546.468225275199,12546.468225275199,0.0,2.1425,0.397,1
4200.0,170.0,325.0,19.0,71,77.52,1,433.0682661205175,12339.571382209111,12339.571382209113,-1.8189894035458565e-12,2.1425,0.397,1
4200.0,170.0,325.0,24.0,71,77.5,1,433.0682661205175,12131.175169909373,12131.175169909371,1.8189894035458565e-12,2.1425,0.397,1
4200.0,170.0,325.0,30.0,71,77.49,1,433.06826612052447,11902.171515621369,11902.171515621369,0.0,2.1425,0.397,1
4200.0,170.0,415.0,12.0,71,77.53,1,493.29687802277937,15699.542147938928,15699.542147938928,0.0,2.1425,0.487,1
4200.0,170.0,415.0,19.0,71,77.5,1,493.29687802281427,15466.180933461535,15466.180933461535,0.0,2.1425,0.487,1
4200.0,170.0,415.0,24.0,71,77.48,1,493.2968780228003,15312.868052814421,15312.868052814421,0.0,2.1425,0.487,1
4200.0,170.0,415.0,30.0,71,77.46,1,493.2968780228003,15147.664231985545,15147.664231985545,0.0,2.1425,0.487,1
4200.0,170.0,500.0,12.0,71,77.52,1,550.1794559305175,18676.921144106258,18676.921144106254,3.637978807091713e-12,2.1425,0.5720000000000001,1
4200.0,170.0,500.0,19.0,71,77.48,1,550.1794559305175,18488.20067708211,18488.20067708211,0.0,2.1425,0.5720000000000001,1
4200.0,170.0,500.0,24.0,71,77.45,1,550.1794559305106,18413.685402520005,18413.685402520005,0.0,2.1425,0.5720000000000001,1
4200.0,170.0,500.0,30.0,71,77.43,1,550.1794559305037,18330.818769221078,18330.818769221078,0.0,2.1425,0.5720000000000001,1
4200.0,200.0,325.0,12.0,60,65.9,1,519.5427630614222,13306.284634393076,13306.28463439308,-3.637978807091713e-12,2.15,0.397,1
4200.0,200.0,325.0,19.0,60,65.87,1,519.5427630614431,13029.509414532356,13029.509414532356,0.0,2.15,0.397,1
4200.0,200.0,325.0,24.0,60,65.86,1,519.5427630614361,12781.374042111649,12781.374042111649,0.0,2.15,0.397,1
4200.0,200.0,325.0,30.0,60,65.84,1,519.5427630614291,12493.480810850004,12493.480810850004,0.0,2.15,0.397,1
4200.0,200.0,415.0,12.0,60,65.89,1,592.9373640177138,16655.330216902734,16655.330216902734,0.0,2.15,0.487,1
4200.0,200.0,415.0,19.0,60,65.85,1,592.9373640177347,16357.213769188082,16357.21376918808,1.8189894035458565e-12,2.15,0.487,1
4200.0,200.0,415.0,24.0,60,65.83,1,592.9373640177068,16154.290027268296,16154.290027268296,0.0,2.15,0.487,1
4200.0,200.0,415.0,30.0,60,65.81,1,592.9373640177138,15916.304721529199,15916.304721529199,0.0,2.15,0.487,1
4200.0,200.0,500.0,12.0,60,65.87,1,662.2544871431273,19817.7775427892,19817.7775427892,0.0,2.15,0.5720000000000001,1
4200.0,200.0,500.0,19.0,60,65.83,1,662.2544871431064,19571.504347258422,19571.504347258422,0.0,2.15,0.5720000000000001,1
4200.0,200.0,500.0,24.0,60,65.81,1,662.2544871430924,19436.818435341283,19436.818435341283,0.0,2.15,0.5720000000000001,1
4200.0,200.0,500.0,30.0,60,65.78,1,662.2544871431203,19268.02489056286,19268.024890562858,3.637978807091713e-12,2.15,0.5720000000000001,1
4500.0,110.0,238.0,12.0,118,128.47,1,252.1620929818424,9383.88063900782,9383.88063900782,0.0,2.2775,0.3094,1
4500.0,110.0,238.0,19.0,118,128.46,1,252.16209298187027,9323.487323538335,9323.487323538335,0.0,2.2775,0.3094,1
4500.0,110.0,238.0,24.0,118,128.44,1,252.16209298185632,9230.383301485625,9230.383301485625,0.0,2.2775,0.3094,1
4500.0,110.0,238.0,30.0,118,128.43,1,252.1620929818633,9051.780489678993,9051.780489678993,0.0,2.2775,0.3094,1
4500.0,110.0,325.0,12.0,118,128.46,1,291.8232481103941,12385.563620518893,12385.563620518893,0.0,2.2775,0.397,1
4500.0,110.0,325.0,19.0,118,128.44,1,291.8232481103871,12307.832497367943,12307.832497367945,-1.8189894035458565e-12,2.2775,0.397,1
4500.0,110.0,325.0,24.0,118,128.42,1,291.82324811040803,12183.053968418766,12183.053968418766,0.0,2.2775,0.397,1
4500.0,110.0,325.0,30.0,118,128.41,1,291.8232481104011,12017.061419240614,12017.061419240614,0.0,2.2775,0.397,1
4500.0,110.0,415.0,12.0,118,128.45,1,331.5737555803328,15488.915620964593,15488.915620964593,0.0,2.2775,0.487,1
4500.0,110.0,415.0,19.0,118,128.42,1,331.57375558030486,15392.200133569155,15392.200133569155,0.0,2.2775,0.487,1
4500.0,110.0,415.0,24.0,118,128.4,1,331.57375558030486,15292.785216972747,15292.785216972747,0.0,2.2775,0.487,1
4500.0,110.0,415.0,30.0,118,128.38,1,331.57375558029787,15220.952572577386,15220.952572577384,1.8189894035458565e-12,2.2775,0.487,1
4500.0,140.0,238.0,12.0,92,100.93,1,327.3794892511267,10001.695683737786,10001.695683737786,0.0,2.285,0.3094,1
4500.0,140.0,238.0,19.0,92,100.91,1,327.3794892511406,9872.54474064325,9872.54474064325,0.0,2.285,0.3094,1
4500.0,140.0,238.0,24.0,92,100.9,1,327.3794892511337,9741.578583380746,9741.578583380746,0.0,2.285,0.3094,1
4500.0,140.0,238.0,30.0,92,100.89,1,327.3794892511267,9491.551950872927,9491.551950872925,1.8189894035458565e-12,2.285,0.3094,1
4500.0,140.0,325.0,12.0,92,100.92,1,379.9934994947528,13206.883527069329,13206.883527069329,0.0,2.285,0.397,1
4500.0,140.0,325.0,19.0,92,100.89,1,379.9934994947598,13038.837451745838,13038.837451745838,0.0,2.285,0.397,1
4500.0,140.0,325.0,24.0,92,100.88,1,379.9934994947528,12869.875328162927,12869.875328162927,0.0,2.285,0.397,1
4500.0,140.0,325.0,30.0,92,100.86,1,379.9934994947598,12638.974155803426,12638.974155803427,-1.8189894035458565e-12,2.285,0.397,1
4500.0,140.0,415.0,12.0,92,100.91,1,432.78953465803403,16520.39154359961,16520.39154359961,0.0,2.285,0.487,1
4500.0,140.0,415.0,19.0,92,100.87,1,432.78953465803403,16311.46548260123,16311.46548260123,0.0,2.285,0.487,1
4500.0,140.0,415.0,24.0,92,100.85,1,432.78953465803403,16183.9888729491,16183.9888729491,0.0,2.285,0.487,1
4500.0,140.0,415.0,30.0,92,100.83,1,432.7895346580271,16032.195040916264,16032.195040916264,0.0,2.285,0.487,1
4500.0,140.0,500.0,12.0,92,100.89,1,482.65245675668336,19649.268041272575,19649.268041272575,0.0,2.285,0.5720000000000001,1
4500.0,140.0,500.0,19.0,92,100.85,1,482.65245675666944,19446.496666587915,19446.496666587915,0.0,2.285,0.5720000000000001,1
4500.0,140.0,500.0,24.0,92,100.83,1,482.6524567567113,19414.943155355177,19414.943155355177,0.0,2.285,0.5720000000000001,1
4500.0,140.0,500.0,30.0,92,100.81,1,482.65245675668336,19362.73108569582,19362.73108569582,0.0,2.285,0.5720000000000001,1
4500.0,170.0,325.0,12.0,76,83.09,1,463.07764965240585,14035.205225879392,14035.205225879392,0.0,2.2925,0.397,1
4500.0,170.0,325.0,19.0,76,83.07,1,463.07764965241284,13834.544492109588,13834.544492109588,0.0,2.2925,0.397,1
4500.0,170.0,325.0,24.0,76,83.06,1,463.07764965240585,13568.839563473353,13568.839563473353,0.0,2.2925,0.397,1
4500.0,170.0,325.0,30.0,76,83.04,1,463.0776496523989,13292.718387163053,13292.718387163053,0.0,2.2925,0.397,1
4500.0,170.0,415.0,12.0,76,83.08,1,527.4369968454288,17561.857862201246,17561.857862201246,0.0,2.2925,0.487,1
4500.0,170.0,415.0,19.0,76,83.05,1,527.4369968454428,17318.954422839575,17318.95442283957,3.637978807091713e-12,2.2925,0.487,1
4500.0,170.0,415.0,24.0,76,83.03,1,527.4369968454358,17093.01748642879,17093.01748642879,0.0,2.2925,0.487,1
4500.0,170.0,415.0,30.0,76,83.01,1,527.4369968454218,16883.843356560807,16883.843356560807,0.0,2.2925,0.487,1
4500.0,170.0,500.0,12.0,76,83.07,1,588.220824749974,20892.024528264792,20892.024528264792,0.0,2.2925,0.5720000000000001,1
4500.0,170.0,500.0,19.0,76,83.03,1,588.220824749974,20670.50675871988,20670.50675871988,0.0,2.2925,0.5720000000000001,1
4500.0,170.0,500.0,24.0,76,83.01,1,588.22082474996,20523.130742211913,20523.130742211913,0.0,2.2925,0.5720000000000001,1
4500.0,170.0,500.0,30.0,76,82.98,1,588.22082474996,20402.629805726625,20402.629805726625,0.0,2.2925,0.5720000000000001,1
4500.0,200.0,325.0,12.0,65,70.62,1,543.8006836007233,14917.923674865055,14917.923674865055,0.0,2.3,0.397,1
4500.0,200.0,325.0,19.0,65,70.59,1,543.8006836007233,14603.75278920163,14603.75278920163,0.0,2.3,0.397,1
4500.0,200.0,325.0,24.0,65,70.58,1,543.8006836007164,14325.914826892551,14325.914826892551,0.0,2.3,0.397,1
4500.0,200.0,325.0,30.0,65,70.56,1,543.8006836007303,13966.583102405943,13966.583102405943,0.0,2.3,0.397,1
4500.0,200.0,415.0,12.0,65,70.6,1,618.9957383955254,18672.696060780596,18672.696060780596,0.0,2.3,0.487,1
4500.0,200.0,415.0,19.0,65,70.57,1,618.9957383955254,18302.714876361562,18302.71487636156,3.637978807091713e-12,2.3,0.487,1
4500.0,200.0,415.0,24.0,65,70.55,1,618.9957383954767,18073.25155307525,18073.25155307525,0.0,2.3,0.487,1
4500.0,200.0,415.0,30.0,65,70.53,1,618.9957383954976,17760.858133673766,17760.858133673766,0.0,2.3,0.487,1
4500.0,200.0,500.0,12.0,65,70.59,1,690.0132901461149,22218.29682091394,22218.296820913944,-3.637978807091713e-12,2.3,0.5720000000000001,1
4500.0,200.0,500.0,19.0,65,70.56,1,690.0132901461288,21868.411573214253,21868.41157321425,3.637978807091713e-12,2.3,0.5720000000000001,1
4500.0,200.0,500.0,24.0,65,70.53,1,690.0132901461149,21714.773469394415,21714.77346939441,3.637978807091713e-12,2.3,0.5720000000000001,1
4500.0,200.0,500.0,30.0,65,70.51,1,690.0132901461428,21472.912352533454,21472.912352533454,0.0,2.3,0.5720000000000001,1
