alpha,bin,현행기하_UW_RX_pin,UW_RX_masta,현행기하_UW_RX_err,현행기하_UW_RY_pin,UW_RY_masta,현행기하_UW_RY_err,현행기하_UW_RZ_pin,UW_RZ_masta,현행기하_UW_RZ_err,현행기하_UW_Fr_pin,UW_Fr_masta,현행기하_UW_Fr_err,현행기하_DW_RX_pin,DW_RX_masta,현행기하_DW_RX_err,현행기하_DW_RY_pin,DW_RY_masta,현행기하_DW_RY_err,현행기하_DW_RZ_pin,DW_RZ_masta,현행기하_DW_RZ_err,현행기하_DW_Fr_pin,DW_Fr_masta,현행기하_DW_Fr_err,L_eff_UW_RX_pin,L_eff_UW_RX_err,L_eff_UW_RY_pin,L_eff_UW_RY_err,L_eff_UW_RZ_pin,L_eff_UW_RZ_err,L_eff_UW_Fr_pin,L_eff_UW_Fr_err,L_eff_DW_RX_pin,L_eff_DW_RX_err,L_eff_DW_RY_pin,L_eff_DW_RY_err,L_eff_DW_RZ_pin,L_eff_DW_RZ_err,L_eff_DW_Fr_pin,L_eff_DW_Fr_err
19.0,1,9236.491917334135,9236.491917334133,2.220446049250313e-14,-10148.014236531788,-6991.516414199168,45.14754218300976,8726.200021964401,7126.404987056579,22.448836935502126,13722.061648448847,11584.217052049533,18.454804384221003,-3725.706332195135,-3725.706332195135,0.0,10246.757395031049,7090.259572990948,44.51879073742522,-4692.784878304658,-3092.9898432987593,51.7232553631561,10903.069512132002,8009.5360968128925,36.126104937219615,9236.491917334133,0.0,-6999.523279758326,0.11452258830282336,7483.846773339162,5.015737765841144,11589.05125896238,0.041730976648013396,-3725.706332195135,0.0,7098.266438257584,0.11292767470936216,-3450.431629679419,11.556513421959313,8016.624857273348,0.08850400790723079
19.0,2,16371.842115588262,14154.88951438581,15.66209753138188,-9606.837693884989,-6609.586989509153,45.34701955104188,10266.276039149756,8258.57831152469,24.310452137062867,18982.321900505194,15622.020910764331,21.51002747298496,-10910.474000306178,-8693.52139884066,25.50120370970921,9758.201402154573,6760.950697839052,44.331793534206774,-6300.18591904575,-4292.4881914881635,46.7723529569347,14637.654781978175,11013.07262532627,32.91163401861728,14161.140156444731,0.04415888977846727,-6617.31412515391,0.11690799526538065,8710.386924268114,5.470779542199566,15630.95444179379,0.0571855016741285,-8699.77204116265,0.0719000050177998,6768.677833423493,0.1142906660584142,-4744.296804164108,10.525564486627204,11022.750708460837,0.08787813777157982
19.0,3,15133.802373957618,13295.521907891367,13.8263129405636,-9888.87205559498,-6802.794499102281,45.36485053164472,10234.91770328881,8302.701250784423,23.27214233225403,18078.212434472956,14934.82225539479,21.0473892847483,-9700.871286239266,-7862.590819772369,23.38008563085974,10046.346222976128,6960.268666483428,44.33848324495631,-6010.896214659324,-4078.6797621552228,47.373575891702146,13965.52813695523,10500.746369130136,32.99557618123967,13300.960989886777,0.040909127397115164,-6811.325731210055,0.1254077586629876,8747.829580961094,5.361247101774458,14943.551166678357,0.05844670351140557,-7868.029902168429,0.06917671949024928,6968.799898591202,0.1225704425585672,-4523.808092331608,10.91353957980694,10510.474136213898,0.09263881577368238
19.0,4,16736.286082358594,14402.205587698818,16.206410056063625,-7855.128632599406,-5398.475717156927,45.506417814105845,9963.73671615901,8109.430680075081,22.866044599653222,18488.00469670086,15380.736843827606,20.202334156183287,-11303.157619922653,-8969.077125002195,26.02364170126239,8017.288590961601,5560.635675565386,44.17935392155377,-5964.523838719765,-4110.2178027025075,45.11454441168625,13857.788010053357,10552.962313521648,31.316568735370097,14408.700766934995,0.04509850381335667,-5404.78680022618,0.11690490797606756,8545.115679137692,5.372571962827077,15389.034347449233,0.05394737395143512,-8975.572304499055,0.07241747848008018,5566.946758588374,0.11349571148349114,-4545.902801698448,10.60004651601365,10561.808292439704,0.08382460445937046
19.0,5,12227.91984867021,11300.784310072058,8.204169844847176,-11540.526348408772,-7944.97144238279,45.2557310256062,9981.405848176593,8037.365498145377,24.18753197773329,16813.856554158538,13814.133966450769,21.714879810728238,-6722.383275969795,-5795.247737216609,15.998203714384761,11685.986530047983,8090.43162412331,44.442065305932196,-5802.595842095173,-3858.5554920292957,50.38259405836523,13481.569570695443,9951.88324892976,35.467521407521254,11303.492040009694,0.02396054878439635,-7954.878660055633,0.12469796455143456,8466.340772428879,5.337262245725771,13822.048574461423,0.05729355187864549,-5797.9554673092825,0.046723284585148406,8100.338841694845,0.12245598296627414,-4287.530766347459,11.117509524077263,9961.514791996837,0.09678110992823452
19.0,6,9874.185756249692,9678.782708859162,2.018880403334955,-13593.172801518853,-9361.056267831536,45.20981834315663,10168.495800277225,7992.6620261651415,27.222892285313407,16801.00863522414,13465.073678774252,24.774724862504915,-4349.846971670831,-4154.443924087796,4.703470576412694,13746.750768873713,9514.634235371004,44.48007594206469,-6205.877274148239,-4030.043500005237,53.9903297356511,14418.541028082,10382.084036997774,38.87906297714252,9679.387083534402,0.006244325277471319,-9372.507639127798,0.12232990560705481,8435.78769273067,5.544156191202521,13473.471481337003,0.06236729752164827,-4155.048298955545,0.014547671813391894,9526.085606482658,0.1203553476504915,-4473.169166601682,10.995555422562276,10392.82124106296,0.10342050812650605
19.0,7,13365.647848620947,12083.224212286901,10.613256973498908,-8735.968223179178,-6008.323163312902,45.39777548120918,9133.898080897128,7520.488659267221,21.453518444466546,15967.39437759781,13494.600942569541,18.32431685495561,-7883.249387580163,-6600.825749891493,19.428230440861903,8888.720909989264,6161.075849602702,44.27222009549605,-5113.637853805565,-3500.2284315623037,46.094403659338525,11880.866143613579,9029.382936003336,31.58004514616799,12086.369154435302,0.026027342480361426,-6015.115283308721,0.1130451843418312,7909.577042142792,5.173711450200957,13500.441889389373,0.04328358315071057,-6603.970693394519,0.047644698136117825,6167.867970118806,0.11024244274711048,-3889.3168150512297,11.116085452607427,9036.316960799415,0.07679400514102319
19.0,8,16644.218662661176,14336.63053175107,16.095749456607212,-6412.851598225071,-4411.215815098049,45.37605655738093,9281.041914622874,7596.769590013168,22.170901784672736,17836.890999031657,14999.926665531006,18.91318802257771,-11227.382822907732,-8919.79469161111,25.870417549709536,6524.044131006578,4522.408347877148,44.26039466491369,-5588.984445081829,-3904.712120466717,43.13435338259448,12985.271536454096,10000.745702468526,29.84303293752273,14342.54438517564,0.04124995347738469,-4415.687817819169,0.1013780079817117,7999.6142916025765,5.302842172796618,15006.89436043214,0.04645152644076056,-8925.7085454222,0.06630033555201642,4526.880350600677,0.0988854251878335,-4307.5568220615305,10.316886089586097,10008.042703070236,0.07296456503147475
19.0,9,16636.706612670037,14333.693293274137,16.0671312848347,-7422.750641282109,-5107.132812189329,45.34085785993334,9603.109761299696,7817.2625372641,22.844918096618127,18217.49801698117,15216.358598133551,19.723111804264025,-11204.060303713166,-8901.04698393355,25.873510430138946,7541.728943289958,5226.111114195386,44.308622195283846,-5813.056862920277,-4027.209638878698,44.34453093280772,13505.874379072931,10321.863920247595,30.847243128050827,14339.792494503326,0.04255149809890835,-5112.573822634602,0.1065374770024885,8236.130930617175,5.358249020758521,15223.930500278255,0.0497615910920457,-8907.146185546455,0.06852229433136348,5231.5521246424505,0.10411203145461734,-4446.078032237757,10.400958254452464,10329.87854737633,0.0776470915588412
19.0,10,13150.980951887126,11935.90471322596,10.180009541419688,-8612.198415862289,-5926.961626549403,45.305452582729025,9186.586645260293,7607.462293701201,20.757570535269963,15719.995596407747,13326.465977362448,17.960722843634368,-7661.290665553569,-6446.214426724108,18.849454243906514,8736.39749212193,6051.160702840156,44.375565633572414,-5001.277386144913,-3422.153034548449,46.14417694516775,11619.811349692929,8841.392779811504,31.425123157356904,11939.107367059767,0.02683209954128518,-5933.968018593566,0.11821220526850862,7993.798008240738,5.078378303096098,13332.451431296198,0.04491403755442214,-6449.417080726213,0.04968270972847133,6058.167094853207,0.1157859187207455,-3808.488749125359,11.289258857702933,8848.523562172684,0.08065225172966262
19.0,11,9945.85291155649,9725.219201636999,2.2686759582997595,-6031.652844349778,-4154.680246522191,45.17730574810825,6908.941379016485,5961.1370894958545,15.89972307784635,11631.888332212853,10575.502658064566,9.988987836362728,-4448.829581312339,-4228.19587127064,5.218152535005327,6104.714349059648,4227.741751248518,44.39657642893704,-3251.219642793035,-2303.4153532797427,41.14778032384607,7553.781961850268,5979.250842796276,26.333250777578044,9724.709779024659,-0.005238160721920959,-4158.0725441224295,0.08165002837652313,6232.125801315587,4.545923164512411,10576.367408918934,0.008176924372560457,-4227.686448780511,-0.012048223536442748,4231.134048832299,0.08023899716154137,-2574.4040650921365,11.764648152863245,5981.289831498752,0.034101073129133574
19.0,12,10649.987842789627,10213.722004298093,4.271369813158676,-8189.30930800057,-5648.183556442346,44.99014109872197,7399.586563857654,6090.149911819937,21.500893590424177,13434.546065783974,11671.422135641773,15.106333312699194,-5138.425133557432,-4702.159294779862,9.277989353995174,8246.410916434043,5705.285164932861,44.53985520513566,-4181.9928626731125,-2872.55621069188,45.584370015368414,9716.311329710325,7393.279437887332,31.42085878586527,10213.684280776957,-0.0003693415693062363,-5652.0062467293865,0.06767999391024127,6400.991050927452,5.103998154531886,11673.239533242617,0.015571346659593033,-4702.121571544762,-0.0008022534485507826,5709.107855162858,0.06700261458432166,-3183.397349742912,10.821063758267169,7396.205768870201,0.03958096007938838
19.0,13,8626.963350388349,8814.61192285455,-2.128835326030254,-6457.769367055037,-4457.624186631029,44.87020656480401,6060.482160248081,5121.698847995247,18.3295297149362,10776.236905665082,9877.641253850412,9.097269567918232,-3131.224407311808,-3318.8729794905635,-5.653984751400709,6486.761466140134,4486.6162857627405,44.580259442386485,-3100.222766191563,-2161.43945399123,43.43324586153974,7202.9605446334135,5580.738620439414,29.06822975461749,8812.835308842525,-0.02015532876062931,-4459.426899472959,0.04044111316823251,5362.4316819570695,4.700253589803527,9876.86966870195,-0.007811431177073835,-3317.0963657659877,-0.05353063330697516,4488.418998558056,0.040179785399430124,-2402.1722879005524,11.137616344737044,5581.131910857763,0.007047282539063282
19.0,14,9553.452580928284,9450.185793956736,1.092748748258332,-1808.3158243048076,-1255.1884794489085,44.067273872586064,4940.367342089217,4635.6031557653305,6.5744235665395445,9723.089135479346,9533.179409789946,1.9920922236539074,-4087.6180005706374,-3984.3512132936153,2.5918093498503936,1773.138243898999,1220.0108990464537,45.33790192242244,-1917.7456247136624,-1612.9814384317394,18.894463322419732,4455.630163126908,4166.9510657873625,6.927825471955673,9448.650064056641,-0.016250790551419758,-1255.4204082861127,0.018477610414802115,4815.514334187939,3.8810737756715064,9531.68759635663,-0.01564864531746757,-3982.815483698994,-0.03854403169825105,1220.2428278803038,0.019010390319573744,-1792.8926168123853,11.153952184072802,4165.550592200961,-0.033609072059925804
19.0,15,12632.875897824657,11572.620903309347,9.161753446983777,-754.0244677010617,-525.8776910402379,43.3839998440563,7115.165330569053,6373.542008911792,11.635968204497393,12655.358799644166,11584.563087041577,9.243298211223628,-7184.942771535046,-6124.687775686033,17.311168090201168,721.2395552324502,493.09277852586615,46.26852929962677,-3108.009415502743,-2366.386093334331,31.33991212412157,7221.051801937555,6144.504930250466,17.520481859930847,11574.523331547178,0.016439043961824495,-526.277105829598,0.07595203146382179,6652.639292789926,4.37899810635729,11586.481689652403,0.01656171748911639,-6126.5902052575675,0.031061658017694782,493.49219336098673,0.08100196403497684,-2645.483377723616,11.794241234574955,6146.433281836402,0.03138335159342809
19.0,16,12227.40260496872,11290.872251628049,8.294579306799177,-2171.7239661535573,-1504.5824105478052,44.34064567874696,7132.077419895533,6389.717759486799,11.61803523021896,12418.766422199973,11390.678839854721,9.02569194338172,-6789.921870368992,-5853.391516732998,15.999790052634433,2141.0820203803537,1473.9404647315052,45.26244930594099,-3064.3002806774653,-2321.9406202118694,31.97151787619177,7119.499366086858,6036.115699830045,17.948358184839243,11292.628217273414,0.015552081417902208,-1505.9243733841072,0.08919171372030466,6666.652753213007,4.334072398034228,11392.596730856054,0.01683737227866633,-5855.1474826736885,0.02999911992338511,1475.2824276109036,0.0910459351316284,-2598.875613994939,11.92687665534704,6038.146262312429,0.0336402180369344
19.0,17,9812.640149913028,9631.557291139117,1.880099482359987,-4821.130551694642,-3324.4616668907693,45.0198869702608,6601.725708177418,5851.33715495832,12.824223478273368,10933.032813824746,10189.15802346402,7.3006502465434275,-4325.564052354845,-4144.4811934644495,4.369252758968978,4855.58896337202,3358.9200785393978,44.5580379954571,-2798.894827159361,-2048.5062739424116,36.6310107399771,6502.864642005447,5334.7041583386435,21.897380791788777,9631.091458209165,-0.004836527633811372,-3327.2641610913747,0.08429918830217265,6099.5422788196165,4.241853054920486,10189.632450391555,0.004656193636831674,-4144.015360650984,-0.011239834172738217,3361.7225727687533,0.08343438259401648,-2296.7113978015595,12.11639559108939,5336.1073795018665,0.02630363599505081
19.0,18,7703.3912773280545,8171.466158731857,-5.728162759428768,440.21504636156334,296.91940810754187,48.2607853650715,4291.686264321671,4344.21940958907,-1.2092654701427286,7715.959205352052,8176.858829539062,-5.636634235655391,-2241.799001121645,-2709.873882207734,-17.27293968030529,-486.65472257550283,-343.3590843173545,41.733463538045015,-987.3650204528541,-1039.8981657559193,-5.05175862723809,2294.0129861086325,2731.5402098916406,-16.01760143228369,8169.148996269944,-0.0283567528384987,297.1273404375211,0.07002988834732271,4479.023996617337,3.1030796172658803,8174.5507509399995,-0.028226959119359574,-2707.556720063534,-0.0855081175332062,-343.5670166514606,0.06055827371496125,-1174.70275274852,12.963248847987806,2729.267610054387,-0.0831984764135485
19.0,19,10458.092715643279,10074.571645761725,3.806822596203374,-1956.5301087045334,-1356.017077096167,44.285064085942835,5995.330625161504,5533.434684311045,8.347364109313027,10639.535390009207,10165.420609053152,4.663995708488611,-4990.463645259354,-4606.942575002431,8.32485024532177,1927.6030890080933,1327.090057400977,45.250360234269536,-2302.605677673356,-1840.7097368340187,25.093361087652433,5349.801964877655,4794.276578361177,11.58726196614992,10074.255319943079,-0.003139843854105262,-1356.9078884205849,0.06569322315066461,5756.2025541902085,4.025851619985277,10165.225982193382,-0.0019145972139700262,-4606.6262495591545,-0.0068662771051775096,1327.980868724145,0.06712515990907608,-2063.477606702059,12.102281278263693,4794.219288979674,-0.001194953619509942
19.0,20,11375.748681456056,10707.667554392438,6.239277822830425,-2724.593422953393,-1878.7421144866282,45.02221470123888,6460.096489904852,5804.193665394865,11.300498610522602,11697.481241021509,10871.238033827343,7.600267831715168,-5911.838792364006,-5243.757664899723,12.740503473992227,2745.626841654509,1899.77553318774,44.52374997415971,-2805.5406556381004,-2149.6378311282883,30.512247924365287,6518.305351892746,5577.288008045967,16.87231038614534,10708.006521689525,0.0031656501788601688,-1880.1152720912971,0.07308920123101359,6055.412210790392,4.328224726430396,10871.809283872502,0.005254691723055593,-5244.096632597476,0.006464213631041105,1901.1486907924127,0.07227999206667057,-2400.85637652364,11.6865521139202,5578.074563549854,0.014102831030982088
19.0,21,10992.73713980116,10447.859359047485,5.215209757602923,-6086.013594636088,-4196.109182378147,45.03944797706234,7474.78575561965,6442.543895342283,16.022271280505194,12565.024126473418,11259.000730831947,11.599816243594518,-5494.658079627444,-4949.78029870913,11.00812052325666,6130.221458580638,4240.317046320195,44.56988455381013,-3543.2633810645757,-2511.0215207673627,41.10844338688751,8232.307243006524,6517.715371109931,26.306639278796972,10448.526545974433,0.006385872014735838,-4200.103505241061,0.09519110893700944,6738.145881296074,4.5882805108631075,11261.109023389778,0.018725396757957036,-4950.447485800717,0.013479125361604005,4244.311369185611,0.09419868424418443,-2806.623506740998,11.772180506175033,6520.821214254296,0.0476523285771524
19.0,22,12133.012731086314,11233.10009305686,8.011258072788706,-5877.496032148416,-4048.25226743456,45.1860122312258,7588.4592339124465,6483.618214252658,17.04050089240394,13481.65262646323,11940.305026314158,12.908779103651336,-6650.005864929727,-5750.093226499625,15.650400836682167,5948.419553900897,4119.175789187053,44.40800437591561,-3840.2147520874223,-2735.37373242791,40.39086164210761,8922.234764498764,7073.272318782987,26.140128110236628,11234.409865950323,0.01165994144636251,-4051.8424307803184,0.08868427925401434,6794.006507388932,4.787269744753964,11942.75479611106,0.020516810847825973,-5751.402999793736,0.02277829667307607,4122.765952532799,0.08715732295694334,-3045.762025563907,11.347198719368334,7076.428164363719,0.044616486380011366
19.0,23,10926.04385760402,10400.624102998116,5.051809866433343,-6418.409505114608,-4423.037398623453,45.11316379807593,7249.249090443052,6178.319004627406,17.333680650247207,12671.796042930619,11302.04590158291,12.119488394184174,-5438.248097714794,-4912.828342708246,10.694852707125225,6483.733144809454,4488.361038318304,44.456586479031856,-3642.3260800534226,-2571.3959942379824,41.64780874727945,8462.466417386793,6654.417114609754,27.170663810771202,10400.837620423243,0.0020529289686210817,-4426.610813266532,0.08079096604953762,6472.152905563578,4.755887494901101,11303.641293784036,0.014115959314064952,-4913.041860534022,0.004346128357868295,4491.934452961378,0.07961513373291318,-2865.229895173948,11.42701869312981,6656.985462884912,0.038596141944835516
19.0,24,10059.136355510316,9804.533965799621,2.5967821683193337,-8405.976759114792,-5792.245173380554,45.124671133504094,8346.403312822442,7005.043704072815,19.14848308469148,13109.030074476426,11387.668349362339,15.116015608326672,-4547.50299024742,-4292.900600587238,5.9307776570777015,8481.156939030447,5867.425353514896,44.54648211160943,-4142.002470553617,-2800.6428616947346,47.89470400546519,9623.39890427356,7270.190908469439,32.3678982495871,9805.271884068563,0.007526296216808781,-5798.985678511043,0.11637119853742384,7336.089478565078,4.725820258620095,11391.733477398499,0.03569763283794991,-4293.638518805666,0.01718926868066184,5874.165858426697,0.11488011360489825,-3131.688636296254,11.820349503656313,7276.067362420276,0.08082943109501972
19.0,25,13378.69665706076,12088.660248706146,10.671458886378149,-7408.85122439026,-5100.358846992263,45.261371731899594,8890.628712921463,7452.191585348568,19.30220272920713,15293.15535482452,13120.570375434918,16.55861686819071,-7918.148979159058,-6628.112570637964,19.463103481915155,7506.55873828728,5198.066360875225,44.41059842536068,-4696.111181605391,-3257.674053996432,44.155342240096765,10910.797741114751,8423.287371395541,29.53134874831045,12092.015815571,0.02775797148579784,-5106.249644317532,0.11549770323988628,7822.681856176657,4.9715612727468494,13125.952609777016,0.04102134425629789,-6631.468137669298,0.05062628305678718,5203.957158214553,0.11332670516994714,-3628.164324860584,11.372846537843273,8429.563438604373,0.07450852537864705
19.0,26,12962.921800794144,11803.979839399222,9.818230606651968,-6358.120768480964,-4375.17506675495,45.322659584379934,8213.60776393124,6955.919051634306,18.080841696992422,14438.249247055302,12588.728963390127,14.691874684440776,-7490.86087816533,-6331.9189154315445,18.303171253651463,6457.588133842333,4474.642431728595,44.31517674022744,-4256.779303534362,-2999.0905906711782,41.935669325071004,9890.067805751847,7753.426471143308,27.55738179191727,11806.39079107877,0.020424905094285073,-4379.665490209527,0.1026341434585687,7295.93999836418,4.888224607070213,12592.55070737465,0.030358457916102033,-6334.329868449954,0.03807618275930569,4479.132855570897,0.10035268540031783,-3339.111537967301,11.337468376372971,7757.987240269986,0.05882262692051832
19.0,27,14693.054556387577,12996.100950037453,13.057405547047818,-4166.433531963391,-2864.0221716176097,45.474904951946456,8219.460219705223,6984.459284754128,17.682126627137617,15272.361329318092,13307.939844434286,14.761274155483783,-9237.578890105613,-7540.6252834789675,22.50414975989541,4251.93700679941,2949.525646474523,44.15663792859772,-4376.903598763374,-3141.9026638685577,39.30742187201264,10169.160833653637,8096.9581451958375,25.592360134494463,12999.77651182482,0.02828203475409019,-2866.8277314726624,0.09795873379947473,7329.477682453781,4.939801116068776,13312.133209945467,0.03151025297829513,-7544.300845542857,0.04874346523944251,2952.331206308681,0.0951190181211592,-3486.9210615119327,10.981193071670825,8101.403261151906,0.05489859125313856
19.0,28,9591.143580564476,9473.38357187242,1.2430617613932382,-3582.2684854382683,-2466.212456854906,45.25384767566369,6409.845366693676,5853.7730951846315,9.499382064646023,10238.294911007759,9789.13684561456,4.588331662708511,-4134.641648866376,-4016.881639772194,2.9316275572625727,3631.332770357874,2515.2767417740733,44.37110279152123,-2368.497824428557,-1812.425552918647,30.68110966623905,5502.89371636555,4739.4045190982115,16.10939083572067,9473.26304018081,-0.0012723193428820778,-2468.6517835726318,0.09890983686120514,6081.745791056018,3.894457338275026,9789.635042073432,0.005089278725289859,-4016.761108482709,-0.003000618397397403,2517.7160684922374,0.09698045060615446,-2040.3982487908995,12.578320555298706,4740.597431143385,0.025170082873615662
19.0,29,7613.586394545479,8112.150897808211,-6.145897796322264,-4191.725624421485,-2883.5440198901556,45.367145273584654,6354.188440116629,5805.90404054004,9.44356633778587,8691.217492252725,8609.402900518411,0.9502934486825598,-2125.0723715115637,-2623.6368753223073,-19.00280135944866,4259.453833327543,2951.2722291026553,44.32602290377818,-2048.807147755787,-1500.5227480064113,36.53955932876221,4760.134403817867,3948.8578378847164,20.544587808401005,8111.227902666489,-0.011377933588130329,-2887.0548697064205,0.12175468076949247,6005.873196500932,3.4442380474185574,8609.709862108652,0.0035654225244874382,-2622.713879632572,-0.03518000903314222,2954.783078612479,0.11896054437821046,-1700.4919041400894,13.326632761772949,3950.8696683226563,0.05094714777116316
19.0,30,6390.188597195513,7274.1405622251605,-12.151978057999568,-7766.776922693483,-5348.796374251133,45.20606841723123,7472.082117289925,6259.1839793719555,19.37789561571046,10057.700237858136,9028.994604728228,11.393357490669075,-859.7424272528808,-1743.6943927567802,-50.694202446013016,7856.709303849301,5438.728756191295,44.45856110962409,-3401.7886081856936,-2188.89047001642,55.411550042527956,7903.6091835572715,5711.413189286304,38.382724583526475,7272.033318271332,-0.028968974902288114,-5354.864399906619,0.1134465631314141,6530.750800892166,4.33869370856006,9030.89371676113,0.021033482863153097,-1741.5871483287006,-0.12084941242186398,5444.796781062436,0.11157064717068899,-2460.457291787934,12.406597108967121,5716.549464693851,0.08993002672581518
30.0,1,8094.071741360126,8094.071741360126,0.0,-10148.014236531788,-5753.948533083936,76.36609326939478,11659.597391328476,8205.740523835317,42.09073949463424,12980.608240723406,9930.857016172538,30.709849306905813,-2582.359731470314,-2582.3597314703143,-2.220446049250313e-14,10246.757395031049,5852.691691583265,75.07768963410241,-7626.182247668735,-4172.325380175736,82.78014183418078,10567.148096593655,6397.0760367098355,65.18715794456283,8094.071741360127,2.220446049250313e-14,-5752.945889505307,-0.017425313640972995,8649.445099222656,5.407245989542386,9930.2761171007,-0.005849435460514307,-2582.3597314703143,0.0,5851.689048004564,-0.01713132403922124,-4616.0299555629135,10.634467232478606,6396.1587298359,-0.01433947116888934
30.0,2,15229.421939614253,12141.08199634364,25.437106381463238,-9606.837693884989,-5434.050953047841,76.78961380545618,13930.068791335827,9786.885729984026,42.33402918620326,18006.293985477783,13301.68341986306,35.36853507270703,-9767.127399581357,-6678.787456312303,46.24102748396612,9758.201402154573,5585.414661318015,74.708629418964,-9963.978671231822,-5820.795609881382,71.17898203326314,13806.493843284918,8706.495209064367,58.57694183201203,12143.440007718158,0.01942175644007449,-5433.676458864489,-0.006891620755622441,10250.593979999203,4.738057261612005,13303.68276383153,0.015030758929990284,-6681.145467685262,0.0353059801405875,5585.040167134072,-0.006704859113426664,-6284.503859895199,7.966406675173832,8708.063988560965,0.018018496064464706
30.0,3,13991.38219798361,11431.119345780078,22.397306639517154,-9888.87205559498,-5593.013857033259,76.80757295388507,13748.121981345967,9715.364440299834,41.50907118129346,17133.25906948179,12726.047835146372,34.631421250545124,-8557.524685514447,-5997.261833310919,42.69052983451411,10046.346222976128,5750.488024414337,74.70423693299153,-9524.100492716483,-5491.342951670482,73.43845715954103,13196.980759821385,8308.746115763832,58.832398727207625,11432.866622475938,0.01528526335003999,-5592.837344835257,-0.0031559406522885247,10221.164592740286,5.206188152266988,12727.53977692108,0.011723527948603873,-5999.0091100067775,0.029134574151035153,5750.3115122164045,-0.0030695168337646628,-5997.143104110803,9.210864389492457,8309.885245264992,0.01371000491878771
30.0,4,15593.865906384586,12342.489676362455,26.342952801888565,-7855.128632599406,-4435.089265439538,77.11320251906871,13339.389208990327,9564.899700366721,39.46188278878546,17460.5755844699,13115.146518568932,33.132905223350285,-10159.811019197832,-6908.434789177242,47.06386220963101,8017.288590961601,4597.249223802179,74.39316862466856,-9340.176331551082,-5565.686822928789,67.8171379149945,12942.127966319014,8298.263171415098,55.96188863834266,12344.723162997008,0.018095916570470827,-4434.62656519159,-0.01043271556119274,9989.125507289325,4.435235289569639,13117.092007900907,0.014833912295375562,-6910.668275810259,0.032329850410039995,4596.786523553785,-0.010064719702351788,-5989.9126298500805,7.622164530954589,8299.86640623908,0.01932012507757097
30.0,5,11085.499672696202,9794.169960989173,13.184677383080734,-11540.526348408772,-6535.4856955148325,76.58253550044174,13524.261534660249,9386.571877141107,44.08094575609183,16002.251447582765,11774.478268739624,35.906246394522356,-5579.036675244974,-4287.70696353796,30.117023450723067,11685.986530047983,6680.945877154068,74.91515041319194,-9345.451528578827,-5207.7618710598745,79.45235899729911,12949.437493736606,7938.480258754432,63.122374455188314,9795.06452241757,0.009133611443945533,-6535.218448519051,-0.004089168092968887,9908.101065309653,5.5561199018633545,11775.074062110483,0.00506004051525899,-4288.601524966344,0.020863399387849313,6680.678630158262,-0.004000137117088354,-5729.291059228232,10.014459206872628,7938.738564746727,0.0032538468809573118
30.0,6,8731.765580275684,8459.33349823874,3.220491095352407,-13593.172801518853,-7701.5905922521815,76.49825238949491,14149.793912838832,9449.931416913338,49.73435561144659,16156.05387960931,11440.053360237942,41.22358848222436,-3206.5003709460107,-2934.0682889090835,9.285130924414165,13746.750768873713,7855.168559607104,75.00261979815863,-10187.175386709847,-5487.312890784535,85.64961738956644,14115.764284317267,8385.250731124372,68.34039597554758,8459.840555796305,0.005994060379221899,-7701.425893777291,-0.002138499481607603,10014.16869437491,5.97080817382134,11440.317435580155,0.0023083401265555636,-2934.5753464666323,0.017281723110018632,7855.003861132152,-0.0020966892524509895,-6051.5501682459235,10.282578899573537,8385.273884763143,0.00027612339228433314
30.0,7,12223.227672646937,10436.353343909073,17.121635018047087,-8735.968223179178,-4938.704876010961,76.88783684185849,12070.740576112305,8720.942415307174,38.41096525216698,15024.128445063236,11545.920360510745,30.124996327262288,-6739.902786855342,-4953.028459004072,36.0763993714376,8888.720909989264,5091.457562325962,74.58106644668909,-8050.480349020742,-4700.6821885530035,71.26195786273514,11155.072791871004,7103.198647417266,57.04295128965604,10437.446048042057,0.01047017187878474,-4937.851983647919,-0.017269555165855266,9146.661072284733,4.881567114011998,11546.54330170742,0.0053953359907543685,-4954.121162250461,0.02206131572701775,5090.604670458005,-0.01675142839779875,-5126.4008451931695,9.056529234775024,7103.3493790708835,0.00212202503546699
30.0,8,15501.798486687167,12286.683203258219,26.167479296417074,-6412.851598225071,-3625.811745956154,76.8666452519849,12359.85402109763,9048.256338102205,36.599291170059914,16775.888111891854,12810.507209097586,30.954128810592184,-10084.03622218291,-6868.92093875535,46.806700966485984,6524.044131006578,3737.0042787380835,74.57951996805383,-8667.796551556583,-5356.198868562303,61.82738476032672,12010.45121357305,7819.672361562115,53.59276780713807,12288.825700350031,0.01743755459768792,-3624.95370186745,-0.023664882482132832,9336.482328883187,3.185431314177767,12812.319322990117,0.014145528065001578,-6871.063435845774,0.031191174123645915,3736.1462346489575,-0.022960746767342055,-5644.424859342139,5.381166716410624,7821.14450870832,0.01882619984747702
30.0,9,15494.286436696028,12285.707950869491,26.116349978834208,-7422.750641282109,-4198.659145404549,76.78859807913538,12864.273355817337,9283.46133657522,38.571949506961836,17180.516268873776,12983.34927795394,32.32730554393029,-10060.713702988343,-6852.1352167983105,46.825965697875624,7541.728943289958,4317.637447247544,74.67258507538064,-9074.220457437918,-5493.408437904246,65.18379363213276,12573.6086970907,8098.996861041614,55.24896370281598,12287.958492550337,0.018318371963954583,-4197.9089151756225,-0.01786832898184043,9636.086069867506,3.7984187202138475,12985.236354212075,0.014534587476133787,-6854.3857588426545,0.03284439044382026,4316.887217183471,-0.01737593934736381,-5846.033171488088,6.4190518067207325,8100.501180600311,0.018574146706162864
30.0,10,12008.560775913118,10315.980912456542,16.407357456553505,-8612.198415862289,-4874.303903115858,76.6857091195527,12051.648278574026,8762.825894911048,37.531527193447275,14777.533402533049,11409.570575884887,29.518751860535765,-6517.944064828748,-4825.364201372196,35.076727741612345,8736.39749212193,4998.5029793754375,74.78027977915784,-7866.339019458647,-4577.516635795777,71.84730598125124,10899.919081011138,6947.601867602192,56.88750289274993,10316.871866401201,0.008636638165770982,-4873.580199488971,-0.014847322638711358,9199.37990421236,4.981886146509407,11410.067005438292,0.004350992441848334,-4826.255155316831,0.018463973027826874,4997.779275748612,-0.014478407431417484,-5014.070645096979,9.536918028596308,6947.7000880381,0.0014137314972906267
30.0,11,8803.43273558248,8494.550578639262,3.6362389520635308,-6031.652844349778,-3418.197330961831,76.45712813930959,8667.802980292361,6720.748260304502,28.97080272278554,10671.516479145688,9156.498376915446,16.545823958750148,-3305.482980587518,-2996.600823644359,10.307751186142555,6104.714349059648,3491.258835671688,74.85711132858913,-5010.0812440689115,-3063.026524081182,63.56636825310511,6942.172211820195,4600.92433690467,50.886467663378895,8494.732728087794,0.0021443094234019355,-3416.268653575342,-0.05642381640812433,6977.182437067306,3.8155599172998267,9155.947555280522,-0.006015636242695521,-2996.7829730928315,0.006078535620601677,3489.3301582852114,-0.05524303631603278,-3319.4607008438543,8.371921520973302,4599.5796700718,-0.02922601491365251
30.0,12,9507.567666815617,8897.463250155244,6.85706025984123,-8189.30930800057,-4649.879714247059,76.11873448917032,9830.552313438719,7153.923982143081,37.4148276942385,12548.25206477709,10039.234714101938,24.992117647680658,-3995.0785328326106,-3384.9741161789443,18.02390197719945,8246.410916434043,4706.981322683725,75.19531842400178,-6612.958612254178,-3936.3302809640113,67.99806266852835,9163.18424381953,5797.734293609431,58.04767482910827,8898.519077690273,0.01186661304850567,-4647.41558033542,-0.05299349796273889,7400.749455161846,3.4502110119546403,10039.02950251478,-0.00204409591967325,-3386.0299437072654,0.031191598283575317,4704.517188768891,-0.05235062019383063,-4183.155753977303,6.2704462124769655,5796.350641490229,-0.0238653937750799
30.0,13,7484.543174414339,7743.220134595226,-3.3406897348193576,-6457.769367055037,-3671.3672488726706,75.89548877296212,7856.5660640396845,5971.4431423795595,31.568967110836855,9885.401950742655,8569.50380879172,15.355593174495286,-1987.8778065869874,-2246.554766767877,-11.514384781860842,6486.761466140134,3700.3593479578317,75.30085205697854,-4896.306669983168,-3011.1837483231293,62.60404808274578,6784.5215374793825,4328.9337745115,56.72500183362088,7744.007143794439,0.010163848961175503,-3668.226107642485,-0.08555780496081189,6184.049097439836,3.5603781195102435,8568.869786613006,-0.00739858681272354,-2247.341775967086,0.03503182788378023,3697.218206727582,-0.0848874645643094,-3223.7897033833196,7.06054405276948,4326.657777796254,-0.05257638101667794
30.0,14,8411.032404954276,8264.87593461914,1.7684048918741535,-1808.3158243048076,-1037.7917273577616,74.2465059833167,6208.842494681395,5605.7110421828775,10.759231932576686,8603.2245255847,8329.77706088337,3.282770507573818,-2944.271399845816,-2798.114929510822,5.223390533159611,1773.138243898999,1002.6141469520337,76.85150855784084,-3186.2207773058403,-2583.0893248075013,23.349229417116124,3436.968621900303,2972.319344622934,15.632548976204097,8264.735581836418,-0.0016981837819729506,-1036.5133400283225,-0.12318341876685901,6011.2834069620685,7.2349852093207545,8329.478623643236,-0.0035827758408601973,-2797.9745767279574,-0.005015976341227191,1001.335759622514,-0.12750541505982538,-2988.6616895865145,15.701058452914229,2971.75622074133,-0.018945604974207608
30.0,15,11490.455721850649,10012.922821395994,14.756259753619672,-754.0244677010617,-436.3509961745154,72.8022794290803,8398.26143664702,7121.331118802033,17.9310622767362,11515.169368867406,10022.426134379599,14.894030791280155,-6041.596170810224,-4564.06327035546,32.373190574540175,721.2395552324502,403.566083705899,78.71659298259006,-4391.105521580709,-3114.175203735736,41.003804677179986,6084.494291819219,4581.870700895595,32.794980238746454,10013.071181795554,0.0014816892350832944,-436.1054280650598,-0.056277655284042716,7313.9273176064025,2.704497173230269,10022.563665853784,0.0013722373439328805,-4564.2116307551305,0.0032506210120519796,403.32051559644856,-0.06084954097118622,-3306.7714025400924,6.184501070245485,4581.9968625721895,0.002753497093865853
30.0,16,11084.98242899471,9779.985014757984,13.343552288346938,-2171.7239661535573,-1242.9685257211556,74.72075287614777,8425.961758280202,7098.038555339655,18.708312058147204,11295.716906699068,9858.654961242133,14.576653215946145,-5646.575269644171,-4341.577855407352,30.058136873244568,2141.0820203803537,1212.3265799479307,76.60934403272034,-4358.184619062135,-3030.261416121633,43.822067491460295,6038.877751184666,4507.663919483322,33.96912145741455,9780.104193873169,0.0012186022269489172,-1242.3153206089933,-0.05255202353441346,7320.859452167952,3.139189722499802,9858.690856236206,0.0003640962607409648,-4341.69703452263,0.0027450645651683203,1211.6733748357897,-0.05388029289674634,-3253.082312949884,7.353190574344404,4507.603077786303,-0.0013497389802386017
30.0,17,8670.219973939018,8416.839648413368,3.0103974426246127,-4821.130551694642,-2737.479970584039,76.11564663488872,7992.55367979149,6485.082798178401,23.24520639946992,9920.48457450414,8850.818394727803,12.085505905459648,-3182.2174516300242,-2928.8371258608117,8.651226233508691,4855.58896337202,2771.938382148971,75.16944080148275,-4189.722798773433,-2682.2519169619727,56.201689046377254,5805.450205684211,4032.5834528564037,43.96354777412061,8416.790975950278,-0.0005782748052962638,-2735.7998398810323,-0.06137508661473445,6712.238447655511,3.502740929397463,8850.25260073017,-0.006392561370049954,-2928.7884536412844,-0.0016618274569668579,2770.2582515584104,-0.060612118991543174,-2909.4075666374542,8.46884098540479,4031.3933802731244,-0.029511418602801154
30.0,18,6560.9711013540455,7211.490774056807,-9.020599111670402,440.21504636156334,240.87511413960658,82.75654914954109,4745.61920133574,4885.817057530358,-2.8694864040915258,6575.7228560703525,7215.512456154325,-8.866862942468856,-1098.4524003968238,-1748.972073099722,-37.19440022561224,-486.65472257550283,-287.3147903535768,69.38032392158205,-1441.2979574669232,-1581.4958136617217,-8.864889491562488,1201.428522610723,1772.4144834768924,-32.21514866805215,7211.135588408042,-0.004925273565392629,240.4748356417393,-0.16617677558641297,5207.081747334881,6.575454750385434,7215.144116438834,-0.005104830983648778,-1748.6168874508182,-0.020308251593414983,-286.9145118556788,-0.13931705270217032,-1902.7605034660637,20.31397661815497,1771.999141137368,-0.02343370263537814
30.0,19,9315.67253966927,8780.056791713361,6.10036769308171,-1956.5301087045334,-1120.4528280003133,74.61958770690758,6869.686011922516,6145.019650246761,11.792742788815257,9518.916163756014,8851.26046422123,7.543057875582759,-3847.1170445345333,-3311.501296578513,16.17440852308969,1927.6030890080933,1091.5258083038714,76.59711518900387,-3176.9610644343666,-2452.2947027586083,29.55054141170612,4303.017920378867,3486.756290226576,23.410343660676336,8779.862968859567,-0.0022075353086292715,-1119.5003453272132,-0.08500872587381414,6387.621279635455,3.9479390335058095,8850.94767666939,-0.003533819314271991,-3311.307473724829,-0.00585302061890669,1090.5733256307733,-0.08726158061055367,-2694.896332147305,9.89284155431205,3486.2741378330065,-0.01382810708395743
30.0,20,10233.328505482048,9301.156426759188,10.022109466313523,-2724.593422953393,-1546.9184275555217,76.13038764163294,7642.548850211622,6555.567803456906,16.58103583615633,10589.82632631491,9428.916560058984,12.312228651736646,-4768.492191639185,-3836.3201156193045,24.29859990631669,2745.626841654509,1567.9518468085366,75.10913024803997,-3987.99301594487,-2901.011971124081,37.46902996748431,5502.452592738768,4144.372693594968,32.769251212437545,9301.208175248514,0.0005563661866547776,-1545.762280807444,-0.07473870163305918,6804.634394571834,3.7993137830652612,9428.777998663283,-0.0014695367682837635,-3836.37186140565,0.0013488391162885804,1566.7956995085597,-0.0737361483600596,-3150.0785603050813,8.585507114763558,4143.983328029152,-0.009395042256155062
30.0,21,9850.316963827152,9090.429603685532,8.359201855911614,-6086.013594636088,-3454.913584980116,76.15530591255339,9356.845268059906,7250.514945296379,29.0507686509903,11578.786886455602,9724.831014431173,19.06414486044281,-4351.311478902623,-3591.4241187610664,21.15838550429112,6130.221458580638,3499.121448924627,75.19316057076604,-5425.32289350483,-3318.9925707414563,63.46294177732443,7517.547919213568,5014.197654175899,49.92524103936831,9090.637870609919,0.0022910570068424008,-3453.417899417024,-0.04329154771322008,7549.562328961985,4.124498548335631,9724.494438405583,-0.003460996135473682,-3591.6323856853874,0.005799006673523621,3497.6257633615733,-0.04274460274917846,-3618.0399544069096,9.010185388834625,5013.303219877563,-0.017838034318240492
30.0,22,10990.592555112305,9735.616005673708,12.890571574589881,-5877.496032148416,-3330.5547568637126,76.47198323450131,9598.235197686792,7413.761843775092,29.4651136621805,12463.46999516629,10289.548775257232,21.12746892396855,-5506.659264204906,-4251.682714767031,29.517173167204234,5948.419553900897,3401.478278616402,74.8774816907106,-5849.990715861768,-3665.517361950713,59.59522594509066,8105.984914943048,5444.893055602466,48.87317036654155,9736.20718023614,0.0060722871782159515,-3329.014087569289,-0.046258638782270545,7677.396278620916,3.556014347388059,10289.609567506268,0.0005908154999234583,-4252.273889328741,0.01390448444460457,3399.93760932177,-0.045294109455795706,-3929.1517967958907,7.192284439347918,5444.392434160823,-0.009194330109529858
30.0,23,9783.62368163001,9049.9894369024,8.10646520465681,-6418.409505114608,-3639.9060217923893,76.3344840962132,9219.639893817322,7057.139472990472,30.642733208027238,11701.079989432475,9754.548921171368,19.955111035799256,-4294.901496989973,-3561.2672520013866,20.600370403998557,6483.733144809454,3705.229661341367,74.98869806796844,-5612.716883427692,-3450.2164623778617,62.67723908428204,7777.208648477126,5139.197533026082,51.331187378931496,9050.473312013057,0.005346692546215337,-3638.000888930642,-0.05234016621147308,7315.070266324734,3.654891536739946,9754.28714152504,-0.002683667368374998,-3561.7511273730215,0.01358716820152317,3703.324528625488,-0.05141739892012831,-3708.1472559351046,7.475785834593096,5138.159559381373,-0.020197193006099567
30.0,24,8916.71617953631,8562.378579886094,4.138308022055814,-8405.976759114792,-4767.842064219248,76.30568810570078,10799.786845819264,7937.1592394254,36.066148102140126,12254.316492615271,9800.339019372272,25.039720242251185,-3404.156389522599,-3049.818789871277,11.618316498937876,8481.156939030447,4843.022244134249,75.12116425446152,-6595.386003550441,-3732.758397155682,76.68933538736522,9138.834922942411,5723.308405828839,59.67748503007577,8562.339521579614,-0.00045616187273056497,-4766.803537196495,-0.021781909064177984,8334.193684622405,5.002223506174097,9799.799694128102,-0.0055031284438622485,-3049.779731565903,-0.0012806762652251003,4841.983717112149,-0.021443779725727197,-4129.792842353581,10.636489238104318,5722.4088221525535,-0.015717896232347872
30.0,25,12236.276481086752,10439.312320646704,17.21343423058661,-7408.85122439026,-4195.395537406234,76.59482063926484,11492.004661536084,8534.806766431242,34.64868011700011,14304.4586960411,11250.803768766667,27.1416601874408,-6774.802378434237,-4977.838218798449,36.09928809758585,7506.55873828728,4293.103050757804,74.85158519458899,-7297.487130220012,-4340.2892354412825,68.13365963335546,10111.69478169685,6573.401489104137,53.827433155538685,10440.161987890851,0.00813911125605582,-4194.583989917473,-0.019343765838630844,8938.543347426854,4.730471257809521,11251.289578616,0.0043180012674337576,-4978.687885238336,0.017068984618240357,4292.291503814495,-0.018903504847511687,-4744.02581611078,9.30206626260588,6573.514996737825,0.0017267716550639634
30.0,26,11820.501624820135,10205.324116265369,15.8268124574356,-6358.120768480964,-3597.5118418854495,76.73661819410952,10491.646345860336,7959.030672609071,31.820654768516434,13421.995319957627,10820.84709117237,24.0383050131747,-6347.5142774405085,-4732.3367724698755,34.130654317901566,6457.588133842333,3696.9792079557756,74.67201654653127,-6534.817885463459,-4002.2022148711926,63.28055242140671,9054.909276666023,6005.219945358197,50.783973926968606,10206.066994725577,0.007279322555042711,-3596.3386039708716,-0.03261248235287839,8290.623991300878,4.166252554258665,10821.157740983077,0.0028708455825032786,-4733.07964734595,0.015697844675743866,3695.805969332241,-0.03173506145260907,-4333.795530904,8.285271413840324,6005.083239312532,-0.0022764536005137614
30.0,27,13550.634380413567,11185.888482959497,21.140438696993158,-4166.433531963391,-2353.174645043488,77.0558568926954,10440.992541367299,8094.367402429835,28.99084044829785,14176.701326046026,11430.727538668809,24.022738518505584,-8094.2322893807905,-5729.486395201433,41.27326135480283,4251.93700679941,2438.6781204706617,74.35417044619201,-6598.4359204254515,-4251.810783883093,55.19119395993519,9143.061011731515,6226.890502334261,46.83188998271408,11186.939252002207,0.009393702112348024,-2352.2767197735097,-0.03815803777547089,8336.871805061604,2.9959648552519758,11431.571002901399,0.007378919930833838,-5730.53716096943,0.018339615377716,2437.780194609528,-0.036820187690878026,-4494.315184119756,5.703555792179182,6227.505795298954,0.009881223452734567
30.0,28,8448.723404590466,8284.461180660943,1.9827749849679277,-3582.2684854382683,-2028.9291461862347,76.55956553100121,7436.689307870789,6353.799858779694,17.043178462644782,9176.795446616368,8529.293671466712,7.591505229978912,-2991.295048141555,-2827.032823969764,5.810410929050724,3631.332770357874,2077.9934310245485,74.75188882418438,-3395.341765605671,-2312.4523163240437,46.82861746541987,4704.723557671713,3508.585368376211,34.09175105376101,8284.170595361009,-0.0035075944421425476,-2027.7391619348484,-0.05865085301884898,6572.773384111745,3.446339673879928,8528.728425849202,-0.006627109339685244,-2826.742238912094,-0.010278800274499122,2076.803446854454,-0.05726602174617179,-2531.4258418466266,9.469320685092919,3507.6465389369405,-0.026758061745701944
30.0,29,6471.166218571471,7166.508430373455,-9.702663696800373,-4191.725624421485,-2371.4973113310393,76.75439075529944,7459.968927793193,6212.867356897931,20.072882604046693,7710.159268057455,7548.698071870681,2.1389277283249797,-981.7257707867427,-1677.067983069896,-41.46177849095418,4259.453833327543,2439.2255203229133,74.62320715485387,-3154.5876354323505,-1907.4860648613874,65.37932798274922,4371.124849197919,2960.131442830321,47.66657946170392,7165.838196524542,-0.009352306711485348,-2370.49849813633,-0.04211740784765272,6440.804124089504,3.6687853465679154,7547.748020995183,-0.012585625580097126,-1676.397748739811,-0.039964648830637106,2438.2267070423877,-0.040947967795668117,-2135.422831728662,11.949590147272616,2958.9286721573185,-0.040632340023816216
30.0,30,5247.768421221504,6479.446192331351,-19.008997598708056,-7766.776922693483,-4401.10838914785,76.47320256516792,9744.077905912047,7035.903943523596,38.49077508912369,9373.46772382845,7832.814182166256,19.66922112323246,283.6041734719402,-948.0735980389078,-129.9137296997381,7856.709303849301,4491.040770598197,74.94183876675882,-5673.784396807815,-2965.610434782362,91.319275460541,7861.826277170138,4590.02077887167,71.28084285280192,6478.760624726062,-0.010580651261538065,-4399.9194248524755,-0.027015110518657792,7381.913936302365,4.917775961072679,7831.579034760166,-0.015768884303446473,-947.388030032617,-0.07231168631937068,4489.851806008293,-0.026474143759458446,-3311.620427198133,11.667412157631007,4588.715868232094,-0.028429296999754605
