design,DLC,k,ksel,nbin,ScaleFactor,eps_UW,eps_DW,eps_Sys
a01,DLC1.2-a-s1,0.17,center,30,37800.0,1.616,-2.8837,1.4802
a01,DLC1.2-a-s2,0.16,center,30,37800.0,1.5606,-1.6161,1.4658
a01,DLC1.2-a-s3,0.16,center,30,37800.0,1.6063,-1.2409,1.5199
a01,DLC1.2-a-s4,0.16,center,30,37800.0,1.5031,-1.1024,1.4228
a01,DLC1.2-a-s5,0.18,center,30,37800.0,1.6884,-1.2707,1.5902
a01,DLC1.2-a-s6,0.17,center,30,37800.0,1.6108,-1.3214,1.5215
a01,DLC1.2-b-s1,0.18,center,30,45700.0,1.6461,-6.6978,1.4419
a01,DLC1.2-b-s2,0.18,center,30,45700.0,1.5524,-5.2107,1.3956
a01,DLC1.2-b-s3,0.18,center,30,45700.0,1.7763,-7.041,1.5701
a01,DLC1.2-b-s4,0.19,center,30,45700.0,1.8675,-6.6589,1.6674
a01,DLC1.2-b-s5,0.18,center,30,45700.0,1.7924,-5.5321,1.6047
a01,DLC1.2-b-s6,0.18,center,30,45700.0,1.7775,-6.003,1.5993
a01,DLC1.2-c-s1,0.18,center,30,45040.0,1.8878,-11.0368,1.703
a01,DLC1.2-c-s2,0.19,center,30,45040.0,1.8601,-13.7669,1.6179
a01,DLC1.2-c-s3,0.18,center,30,45040.0,1.7177,-14.3919,1.4939
a01,DLC1.2-c-s4,0.19,center,30,45040.0,1.6373,-13.4442,1.3834
a01,DLC1.2-c-s5,0.18,center,30,45040.0,1.9825,-14.2678,1.7306
a01,DLC1.2-c-s6,0.18,center,30,45040.0,1.5582,-13.5969,1.3045
a01,DLC1.2-d-s1,0.18,center,30,38180.0,1.8892,-18.6276,1.6378
a01,DLC1.2-d-s2,0.18,center,30,38180.0,1.6619,-16.8166,1.493
a01,DLC1.2-d-s3,0.17,center,30,38180.0,1.4568,-16.0916,1.2862
a01,DLC1.2-d-s4,0.18,center,30,38180.0,1.9528,-19.4405,1.7342
a01,DLC1.2-d-s5,0.19,center,30,38180.0,1.7698,-17.2665,1.5277
a01,DLC1.2-d-s6,0.18,center,30,38180.0,1.5666,-18.137,1.3479
a01,DLC1.2-e-s1,0.21,center,30,28490.0,1.9385,-25.2244,1.5991
a01,DLC1.2-e-s2,0.22,center,30,28490.0,2.1456,-25.7071,1.7857
a01,DLC1.2-e-s3,0.19,center,30,28490.0,1.836,-24.4487,1.5812
a01,DLC1.2-e-s4,0.21,center,30,28490.0,1.5666,-30.3961,1.2133
a01,DLC1.2-e-s5,0.2,center,30,28490.0,1.9717,-15.8127,1.7426
a01,DLC1.2-e-s6,0.2,center,30,28490.0,1.8351,-25.4249,1.5334
a01,DLC1.2-f-s1,0.25,center,30,18970.0,1.7313,-34.0607,1.2558
a01,DLC1.2-f-s2,0.25,center,30,18970.0,1.7703,-32.6795,1.4226
a01,DLC1.2-f-s3,0.25,center,30,18970.0,2.3013,-28.5454,1.7205
a01,DLC1.2-f-s4,0.25,center,30,18970.0,1.7416,-28.8615,1.2502
a01,DLC1.2-f-s5,0.24,center,30,18970.0,1.6096,-25.4012,1.1778
a01,DLC1.2-f-s6,0.27,center,30,18970.0,2.0758,-38.1944,1.473
a01,DLC1.2-g-s1,0.29,center,30,11340.0,2.0162,-36.8071,1.2984
a01,DLC1.2-g-s2,0.29,center,30,11340.0,2.6463,-30.5507,1.9322
a01,DLC1.2-g-s3,0.3,center,30,11340.0,2.7432,-43.4685,1.853
a01,DLC1.2-g-s4,0.3,center,30,11340.0,2.6449,-37.5735,1.8567
a01,DLC1.2-g-s5,0.32,center,30,11340.0,2.0086,-38.6306,1.2387
a01,DLC1.2-g-s6,0.31,center,30,11340.0,1.9842,-35.4279,1.1002
a01,DLC1.2-h-s1,0.37,center,30,6126.0,2.337,-31.488,1.016
a01,DLC1.2-h-s2,0.4,center,30,6126.0,2.413,-40.4677,1.4105
a01,DLC1.2-h-s3,0.36,center,30,6126.0,2.154,-41.2623,1.0927
a01,DLC1.2-h-s4,0.36,center,30,6126.0,1.9129,-38.4101,0.7504
a01,DLC1.2-h-s5,0.38,center,30,6126.0,2.692,-39.8574,1.6355
a01,DLC1.2-h-s6,0.39,center,30,6126.0,2.648,-44.86,1.5973
a01,DLC1.2-i-s1,0.48,center,30,2997.0,2.4877,-49.1231,0.9052
a01,DLC1.2-i-s2,0.4,center,30,2997.0,1.8407,-31.271,0.6397
a01,DLC1.2-i-s3,0.41,center,30,2997.0,2.7707,-29.0944,1.5572
a01,DLC1.2-i-s4,0.45,center,30,2997.0,2.1969,-43.0679,0.7908
a01,DLC1.2-i-s5,0.45,center,30,2997.0,2.3117,-34.9338,0.4179
a01,DLC1.2-i-s6,0.46,center,30,2997.0,2.8799,-37.2332,1.4818
a01,DLC1.2-j-s1,0.47,center,30,1332.0,2.6828,-39.8158,0.4025
a01,DLC1.2-j-s2,0.52,center,30,1332.0,2.5379,-33.4039,0.872
a01,DLC1.2-j-s3,0.5,center,30,1332.0,2.5989,-41.2128,0.5952
a01,DLC1.2-j-s4,0.48,center,30,1332.0,2.5576,-41.0877,0.7355
a01,DLC1.2-j-s5,0.53,center,30,1332.0,2.9025,-26.044,1.2731
a01,DLC1.2-j-s6,0.54,center,30,1332.0,1.6969,-42.444,0.2563
a01,DLC1.2-k-s1,0.58,center,30,538.2,2.6739,-22.2342,0.5899
a01,DLC1.2-k-s2,0.6,center,30,538.2,1.4901,-21.0113,0.062
a01,DLC1.2-k-s3,0.6,min_pos,30,538.2,3.2123,-18.7768,1.1901
a01,DLC1.2-k-s4,0.59,center,30,538.2,2.2647,-13.5489,0.498
a01,DLC1.2-k-s5,0.5,center,30,538.2,1.2024,0.9259,1.1647
a01,DLC1.2-k-s6,0.56,center,30,538.2,2.9212,-18.9806,0.8928
a01,DLC2.4.1-a-s1,0.34,center,3,50.0,0.1171,12.5445,2.826
a01,DLC2.4.1-a-s2,0.37,min_pos,3,50.0,-2.0388,10.4185,0.4908
a01,DLC2.4.1-a-s3,0.35,center,3,50.0,0.2631,6.1411,1.4842
a01,DLC2.4.1-a-s4,0.33,center,3,50.0,0.7391,2.1821,1.0563
a01,DLC2.4.1-a-s5,0.37,min_pos,3,50.0,-2.5639,9.7404,0.0389
a01,DLC2.4.1-a-s6,0.32,min_pos,3,50.0,-1.7547,11.1944,0.8674
a01,DLC2.4.1-b-s1,0.62,min_pos,3,50.0,4.0214,-14.3186,0.2016
a01,DLC2.4.1-b-s2,0.5,min_pos,3,50.0,3.4657,-11.3134,0.4685
a01,DLC2.4.1-b-s3,0.42,min_pos,3,50.0,4.1936,-14.508,0.4243
a01,DLC2.4.1-b-s4,0.49,min_pos,3,50.0,3.5282,-10.7323,0.6186
a01,DLC2.4.1-b-s5,0.52,min_pos,3,50.0,5.0178,-12.9836,0.8121
a01,DLC2.4.1-b-s6,0.37,min_pos,3,50.0,3.1985,-9.5114,0.4363
a01,DLC2.4.2-a-s1,0.25,center,15,25.0,2.5981,-26.6158,1.4469
a01,DLC2.4.2-a-s2,0.18,center,15,25.0,1.7674,-4.4558,1.4082
a01,DLC2.4.2-a-s3,0.24,center,15,25.0,2.6207,-13.5011,1.7042
a01,DLC2.4.2-a-s4,0.22,center,15,25.0,1.9231,-4.1738,1.5107
a01,DLC2.4.2-a-s5,0.26,center,15,25.0,2.5681,-21.4426,1.2901
a01,DLC2.4.2-a-s6,0.22,center,15,25.0,1.9507,-9.5527,1.2892
a01,DLC2.4.2-b-s1,0.37,center,15,25.0,2.3593,-6.7115,0.9849
a01,DLC2.4.2-b-s2,0.5,center,15,25.0,2.0531,-8.9283,0.1162
a01,DLC2.4.2-b-s3,0.42,center,15,25.0,2.8752,-9.1796,1.0508
a01,DLC2.4.2-b-s4,0.41,center,15,25.0,2.5298,-7.3693,0.9514
a01,DLC2.4.2-b-s5,0.37,center,15,25.0,2.4736,-4.3021,1.402
a01,DLC2.4.2-b-s6,0.28,center,15,25.0,2.7857,-6.1417,1.3526
a01,DLC4.1-a-y1,0.16,center,10,10000.0,1.5853,0.6575,1.446
a01,DLC4.1-a-y2,0.17,center,10,10000.0,1.6627,0.8745,1.5454
a01,DLC4.1-a-y3,0.17,center,10,10000.0,1.6442,0.9664,1.5443
a01,DLC4.1-b-y1,0.29,center,10,500.0,1.9239,-2.0302,1.497
a01,DLC4.1-b-y2,0.29,center,10,500.0,1.7848,-2.1128,1.3855
a01,DLC4.1-b-y3,0.28,center,10,500.0,1.7571,-1.4496,1.4498
a01,DLC4.1-c-y1,0.24,center,10,500.0,2.2419,-2.944,1.3898
a01,DLC4.1-c-y2,0.31,center,10,500.0,2.4942,-4.8883,1.3593
a01,DLC4.1-c-y3,0.48,min_pos,10,500.0,3.1396,-10.9254,0.6314
a01,DLC6.4-a-s1,3.0,center,30,24340.0,0.1476,0.1662,0.1504
a01,DLC6.4-a-s2,3.0,center,30,24340.0,0.5773,0.5922,0.5795
a01,DLC6.4-a-s3,3.0,center,30,24340.0,0.4504,0.5778,0.4693
a01,DLC6.4-a-s4,3.0,center,30,24340.0,0.5656,0.6678,0.5807
a01,DLC6.4-a-s5,3.0,center,30,24340.0,0.231,0.2645,0.2359
a01,DLC6.4-a-s6,3.0,center,30,24340.0,0.5379,0.6038,0.5477
a01,DLC6.4-b-s1,0.29,center,30,292.4,2.8694,-4.3922,1.6822
a01,DLC6.4-b-s2,0.28,center,30,292.4,2.5684,-5.8531,1.169
a01,DLC6.4-b-s3,0.23,center,30,292.4,2.617,-2.8983,1.7444
a01,DLC6.4-b-s4,0.4,min_pos,30,292.4,3.004,-8.961,0.8396
a01,DLC6.4-b-s5,0.51,min_pos,30,292.4,3.8018,-13.2356,0.3136
a01,DLC6.4-b-s6,0.25,center,30,292.4,2.5568,-3.2581,1.6382
a02,DLC1.2-a-s1,0.17,center,30,37800.0,1.6156,-2.8936,1.4799
a02,DLC1.2-a-s2,0.16,center,30,37800.0,1.5606,-1.6227,1.4659
a02,DLC1.2-a-s3,0.16,center,30,37800.0,1.6063,-1.2473,1.52
a02,DLC1.2-a-s4,0.16,center,30,37800.0,1.5032,-1.108,1.4229
a02,DLC1.2-a-s5,0.18,center,30,37800.0,1.6884,-1.2767,1.5903
a02,DLC1.2-a-s6,0.17,center,30,37800.0,1.6107,-1.3284,1.5215
a02,DLC1.2-b-s1,0.18,center,30,45700.0,1.6448,-6.7193,1.4407
a02,DLC1.2-b-s2,0.18,center,30,45700.0,1.5513,-5.2275,1.3946
a02,DLC1.2-b-s3,0.18,center,30,45700.0,1.7747,-7.0656,1.5687
a02,DLC1.2-b-s4,0.19,center,30,45700.0,1.8662,-6.6811,1.6662
a02,DLC1.2-b-s5,0.18,center,30,45700.0,1.7913,-5.5525,1.6037
a02,DLC1.2-b-s6,0.18,center,30,45700.0,1.7765,-6.0236,1.5984
a02,DLC1.2-c-s1,0.18,center,30,45040.0,1.886,-11.0771,1.7015
a02,DLC1.2-c-s2,0.19,center,30,45040.0,1.858,-13.8118,1.6161
a02,DLC1.2-c-s3,0.18,center,30,45040.0,1.7156,-14.4351,1.4921
a02,DLC1.2-c-s4,0.19,center,30,45040.0,1.6346,-13.4809,1.3812
a02,DLC1.2-c-s5,0.18,center,30,45040.0,1.9802,-14.3176,1.7287
a02,DLC1.2-c-s6,0.18,center,30,45040.0,1.5561,-13.6408,1.3027
a02,DLC1.2-d-s1,0.18,center,30,38180.0,1.8865,-18.6882,1.6354
a02,DLC1.2-d-s2,0.18,center,30,38180.0,1.6592,-16.8672,1.4908
a02,DLC1.2-d-s3,0.17,center,30,38180.0,1.4544,-16.1408,1.2842
a02,DLC1.2-d-s4,0.18,center,30,38180.0,1.9502,-19.5036,1.732
a02,DLC1.2-d-s5,0.19,center,30,38180.0,1.7665,-17.318,1.5248
a02,DLC1.2-d-s6,0.18,center,30,38180.0,1.563,-18.1903,1.3447
a02,DLC1.2-e-s1,0.21,center,30,28490.0,1.9313,-25.2978,1.5925
a02,DLC1.2-e-s2,0.22,center,30,28490.0,2.1378,-25.783,1.7786
a02,DLC1.2-e-s3,0.19,center,30,28490.0,1.8311,-24.5199,1.5769
a02,DLC1.2-e-s4,0.21,center,30,28490.0,1.5594,-30.4839,1.2069
a02,DLC1.2-e-s5,0.2,center,30,28490.0,1.9675,-15.8599,1.7388
a02,DLC1.2-e-s6,0.2,center,30,28490.0,1.8291,-25.4956,1.5282
a02,DLC1.2-f-s1,0.25,center,30,18970.0,1.7186,-34.1528,1.2442
a02,DLC1.2-f-s2,0.25,center,30,18970.0,1.7572,-32.7639,1.4105
a02,DLC1.2-f-s3,0.25,center,30,18970.0,2.2914,-28.6165,1.7118
a02,DLC1.2-f-s4,0.25,center,30,18970.0,1.7305,-28.9227,1.2402
a02,DLC1.2-f-s5,0.24,center,30,18970.0,1.6009,-25.4569,1.17
a02,DLC1.2-f-s6,0.27,center,30,18970.0,2.0617,-38.2965,1.4602
a02,DLC1.2-g-s1,0.29,center,30,11340.0,2.0021,-36.8969,1.2858
a02,DLC1.2-g-s2,0.29,center,30,11340.0,2.6342,-30.6253,1.9215
a02,DLC1.2-g-s3,0.3,center,30,11340.0,2.7263,-43.5719,1.8374
a02,DLC1.2-g-s4,0.3,center,30,11340.0,2.6307,-37.6715,1.8441
a02,DLC1.2-g-s5,0.32,center,30,11340.0,1.9908,-38.7287,1.2225
a02,DLC1.2-g-s6,0.31,center,30,11340.0,1.9657,-35.5132,1.0833
a02,DLC1.2-h-s1,0.37,center,30,6126.0,2.3216,-31.5458,1.0026
a02,DLC1.2-h-s2,0.4,center,30,6126.0,2.3923,-40.5689,1.3917
a02,DLC1.2-h-s3,0.36,center,30,6126.0,2.1361,-41.3636,1.0769
a02,DLC1.2-h-s4,0.36,center,30,6126.0,1.8953,-38.4889,0.7348
a02,DLC1.2-h-s5,0.38,center,30,6126.0,2.6707,-39.9596,1.6162
a02,DLC1.2-h-s6,0.39,center,30,6126.0,2.6243,-44.9759,1.5756
a02,DLC1.2-i-s1,0.48,center,30,2997.0,2.459,-49.2408,0.8787
a02,DLC1.2-i-s2,0.4,center,30,2997.0,1.825,-31.3404,0.6257
a02,DLC1.2-i-s3,0.41,center,30,2997.0,2.757,-29.1449,1.5452
a02,DLC1.2-i-s4,0.45,center,30,2997.0,2.1738,-43.1603,0.7699
a02,DLC1.2-i-s5,0.45,center,30,2997.0,2.2852,-35.0071,0.3926
a02,DLC1.2-i-s6,0.46,center,30,2997.0,2.8662,-37.3144,1.4697
a02,DLC1.2-j-s1,0.47,center,30,1332.0,2.6581,-39.9133,0.3792
a02,DLC1.2-j-s2,0.52,center,30,1332.0,2.5027,-33.4957,0.8388
a02,DLC1.2-j-s3,0.5,center,30,1332.0,2.567,-41.3216,0.565
a02,DLC1.2-j-s4,0.48,center,30,1332.0,2.5313,-41.1933,0.7115
a02,DLC1.2-j-s5,0.53,center,30,1332.0,2.8731,-26.1268,1.2445
a02,DLC1.2-j-s6,0.55,center,30,1332.0,2.9818,-40.8026,1.5565
a02,DLC1.2-k-s1,0.58,center,30,538.2,2.6466,-22.3215,0.5618
a02,DLC1.2-k-s2,0.61,center,30,538.2,2.9928,-18.8074,1.6117
a02,DLC1.2-k-s3,0.6,min_pos,30,538.2,3.1841,-18.8682,1.1602
a02,DLC1.2-k-s4,0.59,center,30,538.2,2.2328,-13.6296,0.4635
a02,DLC1.2-k-s5,0.5,center,30,538.2,1.1846,0.9312,1.1501
a02,DLC1.2-k-s6,0.56,center,30,538.2,2.8908,-19.0711,0.8605
a02,DLC2.4.1-a-s1,0.34,center,3,50.0,0.0979,12.5614,2.8133
a02,DLC2.4.1-a-s2,0.37,min_pos,3,50.0,-2.0302,10.4745,0.5082
a02,DLC2.4.1-a-s3,0.35,center,3,50.0,0.243,6.1714,1.4741
a02,DLC2.4.1-a-s4,0.33,center,3,50.0,0.7474,2.2474,1.077
a02,DLC2.4.1-a-s5,0.37,min_pos,3,50.0,-2.5709,9.8085,0.0465
a02,DLC2.4.1-a-s6,0.32,min_pos,3,50.0,-1.7744,11.2387,0.8592
a02,DLC2.4.1-b-s1,0.62,min_pos,3,50.0,4.0309,-14.2268,0.2308
a02,DLC2.4.1-b-s2,0.5,min_pos,3,50.0,3.5388,-11.2141,0.5491
a02,DLC2.4.1-b-s3,0.42,min_pos,3,50.0,4.2015,-14.4168,0.4509
a02,DLC2.4.1-b-s4,0.49,min_pos,3,50.0,3.5567,-10.6467,0.6606
a02,DLC2.4.1-b-s5,0.52,min_pos,3,50.0,5.0025,-12.967,0.8057
a02,DLC2.4.1-b-s6,0.37,min_pos,3,50.0,3.2503,-9.3998,0.5026
a02,DLC2.4.2-a-s1,0.25,center,15,25.0,2.6005,-26.5301,1.4509
a02,DLC2.4.2-a-s2,0.18,center,15,25.0,1.768,-4.4312,1.409
a02,DLC2.4.2-a-s3,0.24,center,15,25.0,2.6002,-13.5023,1.6823
a02,DLC2.4.2-a-s4,0.22,center,15,25.0,1.9132,-4.17,1.5005
a02,DLC2.4.2-a-s5,0.26,center,15,25.0,2.5554,-21.4534,1.2748
a02,DLC2.4.2-a-s6,0.22,center,15,25.0,1.9389,-9.5468,1.2761
a02,DLC2.4.2-b-s1,0.37,center,15,25.0,2.3768,-6.6916,1.0027
a02,DLC2.4.2-b-s2,0.5,center,15,25.0,2.0591,-8.9342,0.1201
a02,DLC2.4.2-b-s3,0.42,center,15,25.0,2.8728,-9.1743,1.0485
a02,DLC2.4.2-b-s4,0.41,center,15,25.0,2.5612,-7.3309,0.9836
a02,DLC2.4.2-b-s5,0.37,center,15,25.0,2.5338,-4.2424,1.4617
a02,DLC2.4.2-b-s6,0.28,center,15,25.0,2.8397,-6.0593,1.4115
a02,DLC4.1-a-y1,0.16,center,10,10000.0,1.5848,0.662,1.4463
a02,DLC4.1-a-y2,0.17,center,10,10000.0,1.662,0.8784,1.5455
a02,DLC4.1-a-y3,0.17,center,10,10000.0,1.6432,0.9693,1.5439
a02,DLC4.1-b-y1,0.29,center,10,500.0,1.9142,-2.0515,1.4853
a02,DLC4.1-b-y2,0.3,center,10,500.0,2.026,-1.9393,1.619
a02,DLC4.1-b-y3,0.28,center,10,500.0,1.7497,-1.4647,1.4411
a02,DLC4.1-c-y1,0.24,center,10,500.0,2.224,-2.9671,1.3713
a02,DLC4.1-c-y2,0.31,center,10,500.0,2.4767,-4.9075,1.3415
a02,DLC4.1-c-y3,0.48,min_pos,10,500.0,3.1234,-10.9403,0.6152
a02,DLC6.4-a-s1,3.0,center,30,24340.0,0.1476,0.1661,0.1503
a02,DLC6.4-a-s2,3.0,center,30,24340.0,0.5773,0.5922,0.5795
a02,DLC6.4-a-s3,3.0,center,30,24340.0,0.4504,0.5778,0.4693
a02,DLC6.4-a-s4,3.0,center,30,24340.0,0.5655,0.6678,0.5807
a02,DLC6.4-a-s5,3.0,center,30,24340.0,0.231,0.2645,0.2359
a02,DLC6.4-a-s6,3.0,center,30,24340.0,0.5379,0.6038,0.5476
a02,DLC6.4-b-s1,0.29,center,30,292.4,2.873,-4.3891,1.6859
a02,DLC6.4-b-s2,0.28,center,30,292.4,2.5726,-5.8493,1.1733
a02,DLC6.4-b-s3,0.22,center,30,292.4,2.1419,-3.4649,1.255
a02,DLC6.4-b-s4,0.4,min_pos,30,292.4,3.0077,-8.9581,0.8434
a02,DLC6.4-b-s5,0.51,min_pos,30,292.4,3.8076,-13.2307,0.3195
a02,DLC6.4-b-s6,0.25,center,30,292.4,2.5608,-3.254,1.6424
a03,DLC1.2-a-s1,0.17,center,30,37800.0,1.586,-0.5358,1.4899
a03,DLC1.2-a-s2,0.16,center,30,37800.0,1.5512,0.1091,1.4863
a03,DLC1.2-a-s3,0.16,center,30,37800.0,1.5983,0.2111,1.5349
a03,DLC1.2-a-s4,0.16,center,30,37800.0,1.4972,0.1693,1.436
a03,DLC1.2-a-s5,0.17,center,30,37800.0,1.4681,-0.0949,1.3929
a03,DLC1.2-a-s6,0.17,center,30,37800.0,1.5947,-0.0929,1.5185
a03,DLC1.2-b-s1,0.18,center,30,45700.0,1.6783,-6.0763,1.4784
a03,DLC1.2-b-s2,0.18,center,30,45700.0,1.5946,-4.4439,1.4381
a03,DLC1.2-b-s3,0.18,center,30,45700.0,1.7735,-5.8792,1.5742
a03,DLC1.2-b-s4,0.18,center,30,45700.0,1.601,-6.59,1.398
a03,DLC1.2-b-s5,0.18,center,30,45700.0,1.7582,-4.4132,1.5851
a03,DLC1.2-b-s6,0.17,center,30,45700.0,1.5248,-5.5397,1.3482
a03,DLC1.2-c-s1,0.2,center,30,45040.0,1.8787,-10.4023,1.6272
a03,DLC1.2-c-s2,0.21,center,30,45040.0,1.7099,-13.5814,1.373
a03,DLC1.2-c-s3,0.2,center,30,45040.0,1.6141,-13.9366,1.3144
a03,DLC1.2-c-s4,0.22,center,30,45040.0,1.7092,-11.8968,1.3906
a03,DLC1.2-c-s5,0.2,center,30,45040.0,2.0551,-13.7495,1.7037
a03,DLC1.2-c-s6,0.21,center,30,45040.0,1.6677,-11.9651,1.3343
a03,DLC1.2-d-s1,0.2,center,30,38180.0,2.0588,-17.7131,1.5906
a03,DLC1.2-d-s2,0.2,center,30,38180.0,1.7081,-16.1236,1.3954
a03,DLC1.2-d-s3,0.19,center,30,38180.0,1.5969,-15.0051,1.2867
a03,DLC1.2-d-s4,0.2,center,30,38180.0,1.8656,-18.5476,1.4646
a03,DLC1.2-d-s5,0.21,center,30,38180.0,1.8957,-16.1161,1.4538
a03,DLC1.2-d-s6,0.21,center,30,38180.0,2.1835,-16.3172,1.7917
a03,DLC1.2-e-s1,0.24,center,30,28490.0,2.2647,-23.1061,1.6458
a03,DLC1.2-e-s2,0.25,center,30,28490.0,2.3967,-23.7328,1.7452
a03,DLC1.2-e-s3,0.21,center,30,28490.0,1.7453,-23.9774,1.2616
a03,DLC1.2-e-s4,0.24,center,30,28490.0,1.9706,-28.4112,1.3049
a03,DLC1.2-e-s5,0.22,center,30,28490.0,2.0925,-14.5672,1.6722
a03,DLC1.2-e-s6,0.23,center,30,28490.0,2.0698,-23.4915,1.52
a03,DLC1.2-f-s1,0.3,center,30,18970.0,1.925,-29.8537,1.1579
a03,DLC1.2-f-s2,0.3,center,30,18970.0,2.1254,-27.8244,1.563
a03,DLC1.2-f-s3,0.31,center,30,18970.0,2.7227,-22.6688,1.8676
a03,DLC1.2-f-s4,0.3,center,30,18970.0,2.7048,-23.8805,1.9314
a03,DLC1.2-f-s5,0.28,center,30,18970.0,2.0228,-22.0279,1.3232
a03,DLC1.2-f-s6,0.32,center,30,18970.0,2.7773,-33.8205,1.7738
a03,DLC1.2-g-s1,0.36,center,30,11340.0,2.7368,-29.4431,1.7587
a03,DLC1.2-g-s2,0.37,center,30,11340.0,2.4687,-20.964,1.6406
a03,DLC1.2-g-s3,0.37,center,30,11340.0,2.4275,-36.2354,1.1875
a03,DLC1.2-g-s4,0.36,center,30,11340.0,2.3978,-31.6698,1.3585
a03,DLC1.2-g-s5,0.38,center,30,11340.0,2.7043,-32.7707,1.6436
a03,DLC1.2-g-s6,0.38,center,30,11340.0,2.8864,-27.4041,1.7945
a03,DLC1.2-h-s1,0.42,center,30,6126.0,2.8632,-25.7609,1.2954
a03,DLC1.2-h-s2,0.43,center,30,6126.0,2.0639,-38.0872,0.7026
a03,DLC1.2-h-s3,0.42,center,30,6126.0,2.0751,-34.6854,0.7511
a03,DLC1.2-h-s4,0.43,center,30,6126.0,2.2977,-30.9272,0.9124
a03,DLC1.2-h-s5,0.42,center,30,6126.0,2.8975,-36.1128,1.4699
a03,DLC1.2-h-s6,0.43,center,30,6126.0,2.0271,-40.77,0.6744
a03,DLC1.2-i-s1,0.52,center,30,2997.0,2.3287,-45.5867,0.3033
a03,DLC1.2-i-s2,0.45,center,30,2997.0,2.7305,-25.5178,1.2613
a03,DLC1.2-i-s3,0.43,center,30,2997.0,2.1416,-27.9117,0.6155
a03,DLC1.2-i-s4,0.48,center,30,2997.0,2.1037,-39.1669,0.1909
a03,DLC1.2-i-s5,0.48,center,30,2997.0,2.4818,-30.1781,0.0989
a03,DLC1.2-i-s6,0.51,center,30,2997.0,2.6415,-31.0013,0.9123
a03,DLC1.2-j-s1,0.52,min_pos,30,1332.0,4.0714,-32.2485,1.1783
a03,DLC1.2-j-s2,0.55,min_pos,30,1332.0,3.3009,-26.9038,1.2521
a03,DLC1.2-j-s3,0.54,min_pos,30,1332.0,3.1053,-34.1633,0.6593
a03,DLC1.2-j-s4,0.53,min_pos,30,1332.0,3.6306,-32.6272,1.4535
a03,DLC1.2-j-s5,0.56,center,30,1332.0,2.6498,-19.741,0.7858
a03,DLC1.2-j-s6,0.58,center,30,1332.0,2.6558,-36.8483,0.8535
a03,DLC1.2-k-s1,0.61,center,30,538.2,2.1892,-14.7714,0.2096
a03,DLC1.2-k-s2,0.65,center,30,538.2,2.7211,-6.2139,1.8534
a03,DLC1.2-k-s3,0.63,center,30,538.2,2.1114,-10.7076,0.471
a03,DLC1.2-k-s4,0.6,center,30,538.2,1.97,-10.663,0.1564
a03,DLC1.2-k-s5,0.51,center,30,538.2,0.6619,3.0478,1.1164
a03,DLC1.2-k-s6,0.58,min_pos,30,538.2,3.5035,-13.6384,1.2026
a03,DLC2.4.1-a-s1,0.33,center,3,50.0,0.5307,7.7208,2.1104
a03,DLC2.4.1-a-s2,0.37,center,3,50.0,0.9473,8.3426,2.5154
a03,DLC2.4.1-a-s3,0.35,center,3,50.0,0.3452,3.5742,1.039
a03,DLC2.4.1-a-s4,0.33,center,3,50.0,1.4136,1.7005,1.4775
a03,DLC2.4.1-a-s5,0.38,center,3,50.0,0.5202,9.3173,2.4264
a03,DLC2.4.1-a-s6,0.33,center,3,50.0,0.731,11.0944,2.8646
a03,DLC2.4.1-b-s1,0.62,min_pos,3,50.0,3.9015,-11.1848,0.6864
a03,DLC2.4.1-b-s2,0.49,center,3,50.0,2.7947,-8.4987,0.4451
a03,DLC2.4.1-b-s3,0.42,min_pos,3,50.0,4.0019,-11.6007,0.7925
a03,DLC2.4.1-b-s4,0.48,center,3,50.0,2.6295,-8.0463,0.4065
a03,DLC2.4.1-b-s5,0.52,min_pos,3,50.0,4.5573,-11.879,0.602
a03,DLC2.4.1-b-s6,0.37,min_pos,3,50.0,3.1343,-6.9758,0.8971
a03,DLC2.4.2-a-s1,0.25,center,15,25.0,2.4987,-20.9859,0.905
a03,DLC2.4.2-a-s2,0.2,center,15,25.0,2.1381,-2.5659,1.7149
a03,DLC2.4.2-a-s3,0.27,center,15,25.0,2.4619,-11.2208,1.2475
a03,DLC2.4.2-a-s4,0.24,center,15,25.0,2.0657,-2.8915,1.5658
a03,DLC2.4.2-a-s5,0.29,center,15,25.0,2.9939,-15.5439,1.4273
a03,DLC2.4.2-a-s6,0.25,center,15,25.0,2.4612,-7.2568,1.5912
a03,DLC2.4.2-b-s1,0.37,center,15,25.0,2.5168,-6.1024,1.0438
a03,DLC2.4.2-b-s2,0.51,center,15,25.0,2.9638,-7.2228,0.9772
a03,DLC2.4.2-b-s3,0.42,center,15,25.0,2.6194,-8.6922,0.7449
a03,DLC2.4.2-b-s4,0.41,center,15,25.0,2.5672,-6.2562,1.0403
a03,DLC2.4.2-b-s5,0.37,center,15,25.0,2.2421,-4.1846,1.1094
a03,DLC2.4.2-b-s6,0.27,center,15,25.0,2.6341,-6.4288,1.0224
a03,DLC4.1-a-y1,0.16,center,10,10000.0,1.5888,0.9496,1.4888
a03,DLC4.1-a-y2,0.16,center,10,10000.0,1.5582,0.9826,1.4689
a03,DLC4.1-a-y3,0.16,center,10,10000.0,1.5396,1.0451,1.4634
a03,DLC4.1-b-y1,0.27,center,10,500.0,2.0944,-1.7721,1.5832
a03,DLC4.1-b-y2,0.27,center,10,500.0,1.9787,-1.921,1.4844
a03,DLC4.1-b-y3,0.26,center,10,500.0,1.9371,-1.3621,1.5362
a03,DLC4.1-c-y1,0.24,center,10,500.0,2.1835,-2.2738,1.404
a03,DLC4.1-c-y2,0.32,center,10,500.0,2.8258,-3.8589,1.7125
a03,DLC4.1-c-y3,0.49,min_pos,10,500.0,3.425,-9.7584,0.8768
a03,DLC6.4-a-s1,3.0,center,30,24340.0,0.1593,0.2189,0.1688
a03,DLC6.4-a-s2,3.0,center,30,24340.0,0.5862,0.6327,0.5937
a03,DLC6.4-a-s3,3.0,center,30,24340.0,0.4658,0.6195,0.4904
a03,DLC6.4-a-s4,3.0,center,30,24340.0,0.5791,0.707,0.5996
a03,DLC6.4-a-s5,3.0,center,30,24340.0,0.2401,0.3005,0.2498
a03,DLC6.4-a-s6,3.0,center,30,24340.0,0.5493,0.6423,0.5642
a03,DLC6.4-b-s1,0.29,center,30,292.4,2.6126,-4.2498,1.4088
a03,DLC6.4-b-s2,0.29,center,30,292.4,2.8515,-5.0035,1.4541
a03,DLC6.4-b-s3,0.23,center,30,292.4,2.4218,-2.8249,1.5296
a03,DLC6.4-b-s4,0.4,center,30,292.4,2.4257,-9.0417,0.2054
a03,DLC6.4-b-s5,0.52,min_pos,30,292.4,4.1864,-11.4488,0.7932
a03,DLC6.4-b-s6,0.25,center,30,292.4,2.3787,-3.08,1.4536
a04,DLC1.2-a-s1,0.17,center,30,37800.0,1.5809,-0.6222,1.4856
a04,DLC1.2-a-s2,0.16,center,30,37800.0,1.5495,0.0376,1.4845
a04,DLC1.2-a-s3,0.16,center,30,37800.0,1.5968,0.1398,1.5333
a04,DLC1.2-a-s4,0.16,center,30,37800.0,1.4961,0.0994,1.4346
a04,DLC1.2-a-s5,0.18,center,30,37800.0,1.675,0.169,1.6056
a04,DLC1.2-a-s6,0.17,center,30,37800.0,1.5919,-0.1694,1.516
a04,DLC1.2-b-s1,0.18,center,30,45700.0,1.6673,-7.2698,1.438
a04,DLC1.2-b-s2,0.18,center,30,45700.0,1.5857,-5.3399,1.4109
a04,DLC1.2-b-s3,0.18,center,30,45700.0,1.7623,-6.7069,1.5468
a04,DLC1.2-b-s4,0.18,center,30,45700.0,1.5882,-7.6029,1.3629
a04,DLC1.2-b-s5,0.18,center,30,45700.0,1.7492,-5.4781,1.5502
a04,DLC1.2-b-s6,0.18,center,30,45700.0,1.8409,-6.1841,1.6432
a04,DLC1.2-c-s1,0.2,center,30,45040.0,1.7494,-10.163,1.5029
a04,DLC1.2-c-s2,0.21,center,30,45040.0,1.9467,-13.2141,1.6106
a04,DLC1.2-c-s3,0.2,center,30,45040.0,1.7498,-13.5985,1.4511
a04,DLC1.2-c-s4,0.23,center,30,45040.0,1.9833,-10.6784,1.6798
a04,DLC1.2-c-s5,0.2,center,30,45040.0,1.8151,-13.4662,1.4696
a04,DLC1.2-c-s6,0.21,center,30,45040.0,1.8408,-11.7307,1.5058
a04,DLC1.2-d-s1,0.2,center,30,38180.0,2.2182,-17.4753,1.7799
a04,DLC1.2-d-s2,0.2,center,30,38180.0,1.875,-15.8757,1.5803
a04,DLC1.2-d-s3,0.19,center,30,38180.0,1.6478,-14.8103,1.3578
a04,DLC1.2-d-s4,0.2,center,30,38180.0,1.9751,-18.3235,1.5988
a04,DLC1.2-d-s5,0.21,center,30,38180.0,2.0566,-15.9242,1.6419
a04,DLC1.2-d-s6,0.2,center,30,38180.0,1.7132,-17.101,1.3357
a04,DLC1.2-e-s1,0.23,center,30,28490.0,1.8636,-24.0196,1.2696
a04,DLC1.2-e-s2,0.24,center,30,28490.0,2.1271,-24.6145,1.4985
a04,DLC1.2-e-s3,0.21,center,30,28490.0,2.0104,-23.6513,1.5559
a04,DLC1.2-e-s4,0.24,center,30,28490.0,2.2901,-28.0884,1.6662
a04,DLC1.2-e-s5,0.21,center,30,28490.0,1.7171,-15.4737,1.3099
a04,DLC1.2-e-s6,0.22,center,30,28490.0,1.8092,-24.3508,1.2794
a04,DLC1.2-f-s1,0.29,center,30,18970.0,2.0268,-30.7375,1.2642
a04,DLC1.2-f-s2,0.29,center,30,18970.0,2.4129,-28.8457,1.8502
a04,DLC1.2-f-s3,0.29,center,30,18970.0,2.1435,-24.8546,1.2687
a04,DLC1.2-f-s4,0.29,center,30,18970.0,2.7487,-24.9217,1.9749
a04,DLC1.2-f-s5,0.27,center,30,18970.0,1.8856,-22.9601,1.1916
a04,DLC1.2-f-s6,0.31,center,30,18970.0,2.0423,-34.7432,1.0741
a04,DLC1.2-g-s1,0.36,center,30,11340.0,2.8047,-29.0878,1.8447
a04,DLC1.2-g-s2,0.36,center,30,11340.0,2.8086,-22.1243,1.9406
a04,DLC1.2-g-s3,0.36,center,30,11340.0,2.6929,-37.2135,1.4274
a04,DLC1.2-g-s4,0.36,center,30,11340.0,2.8671,-31.267,1.8276
a04,DLC1.2-g-s5,0.37,center,30,11340.0,2.0095,-33.7288,0.9466
a04,DLC1.2-g-s6,0.37,center,30,11340.0,2.4951,-28.5194,1.3756
a04,DLC1.2-h-s1,0.42,center,30,6126.0,2.366,-25.4341,0.8326
a04,DLC1.2-h-s2,0.43,center,30,6126.0,2.1074,-37.6523,0.7491
a04,DLC1.2-h-s3,0.42,center,30,6126.0,2.3505,-34.2348,1.0294
a04,DLC1.2-h-s4,0.43,center,30,6126.0,2.6319,-30.4608,1.2429
a04,DLC1.2-h-s5,0.42,center,30,6126.0,2.4207,-35.6871,1.0156
a04,DLC1.2-h-s6,0.43,center,30,6126.0,1.9302,-40.411,0.5801
a04,DLC1.2-i-s1,0.53,center,30,2997.0,2.9327,-43.6372,0.9456
a04,DLC1.2-i-s2,0.45,center,30,2997.0,2.6327,-25.1363,1.1839
a04,DLC1.2-i-s3,0.44,center,30,2997.0,2.8003,-25.9857,1.321
a04,DLC1.2-i-s4,0.48,center,30,2997.0,2.1156,-39.0306,0.2157
a04,DLC1.2-i-s5,0.48,center,30,2997.0,2.6517,-30.227,0.2637
a04,DLC1.2-i-s6,0.51,center,30,2997.0,2.2521,-30.7204,0.5569
a04,DLC1.2-j-s1,0.52,min_pos,30,1332.0,4.1699,-32.2206,1.3019
a04,DLC1.2-j-s2,0.55,center,30,1332.0,2.9815,-27.1625,0.9558
a04,DLC1.2-j-s3,0.54,center,30,1332.0,2.9697,-34.1533,0.5408
a04,DLC1.2-j-s4,0.53,center,30,1332.0,2.712,-32.5573,0.6002
a04,DLC1.2-j-s5,0.56,center,30,1332.0,2.7034,-19.8159,0.8437
a04,DLC1.2-j-s6,0.58,center,30,1332.0,2.7601,-36.3973,0.9761
a04,DLC1.2-k-s1,0.61,center,30,538.2,2.4556,-14.9419,0.4499
a04,DLC1.2-k-s2,0.64,center,30,538.2,1.6496,-9.2783,0.6126
a04,DLC1.2-k-s3,0.63,center,30,538.2,2.4932,-11.0118,0.784
a04,DLC1.2-k-s4,0.6,center,30,538.2,2.3614,-10.8296,0.4783
a04,DLC1.2-k-s5,0.51,center,30,538.2,0.8059,3.0017,1.2176
a04,DLC1.2-k-s6,0.58,min_pos,30,538.2,3.5288,-13.8803,1.2329
a04,DLC2.4.1-a-s1,0.33,center,3,50.0,0.2595,8.0927,1.9935
a04,DLC2.4.1-a-s2,0.37,center,3,50.0,0.4356,8.5189,2.1546
a04,DLC2.4.1-a-s3,0.35,center,3,50.0,0.2348,3.8427,1.013
a04,DLC2.4.1-a-s4,0.33,center,3,50.0,1.2868,1.7354,1.3873
a04,DLC2.4.1-a-s5,0.38,center,3,50.0,0.1787,9.5435,2.2183
a04,DLC2.4.1-a-s6,0.33,center,3,50.0,0.501,11.326,2.7436
a04,DLC2.4.1-b-s1,0.62,min_pos,3,50.0,3.8625,-11.5077,0.5726
a04,DLC2.4.1-b-s2,0.49,center,3,50.0,2.7763,-8.9589,0.3241
a04,DLC2.4.1-b-s3,0.42,min_pos,3,50.0,3.8577,-12.2077,0.5374
a04,DLC2.4.1-b-s4,0.48,center,3,50.0,2.5948,-8.4458,0.2852
a04,DLC2.4.1-b-s5,0.52,min_pos,3,50.0,4.4461,-12.0932,0.4536
a04,DLC2.4.1-b-s6,0.37,min_pos,3,50.0,3.1038,-7.3271,0.7844
a04,DLC2.4.2-a-s1,0.25,center,15,25.0,2.4725,-21.6679,0.9301
a04,DLC2.4.2-a-s2,0.2,center,15,25.0,2.1294,-2.7095,1.7125
a04,DLC2.4.2-a-s3,0.27,center,15,25.0,2.7527,-11.3434,1.5545
a04,DLC2.4.2-a-s4,0.24,center,15,25.0,2.1638,-3.0086,1.661
a04,DLC2.4.2-a-s5,0.28,center,15,25.0,2.5222,-16.8251,0.9651
a04,DLC2.4.2-a-s6,0.25,center,15,25.0,2.5937,-7.4411,1.7334
a04,DLC2.4.2-b-s1,0.37,center,15,25.0,2.4184,-6.2857,0.9376
a04,DLC2.4.2-b-s2,0.51,center,15,25.0,2.8838,-7.4221,0.8805
a04,DLC2.4.2-b-s3,0.42,center,15,25.0,2.5281,-8.875,0.6405
a04,DLC2.4.2-b-s4,0.41,center,15,25.0,2.5402,-6.4604,0.9833
a04,DLC2.4.2-b-s5,0.37,center,15,25.0,2.2558,-4.3754,1.0893
a04,DLC2.4.2-b-s6,0.27,center,15,25.0,2.5226,-6.5982,0.9057
a04,DLC4.1-a-y1,0.16,center,10,10000.0,1.5848,0.912,1.4792
a04,DLC4.1-a-y2,0.16,center,10,10000.0,1.5538,0.9477,1.4594
a04,DLC4.1-a-y3,0.16,center,10,10000.0,1.5355,1.0146,1.455
a04,DLC4.1-b-y1,0.27,center,10,500.0,1.9059,-1.8706,1.4129
a04,DLC4.1-b-y2,0.28,center,10,500.0,2.0296,-1.7997,1.551
a04,DLC4.1-b-y3,0.27,center,10,500.0,1.9987,-1.1989,1.6167
a04,DLC4.1-c-y1,0.24,center,10,500.0,2.1539,-2.4,1.3569
a04,DLC4.1-c-y2,0.32,center,10,500.0,2.7986,-3.9608,1.674
a04,DLC4.1-c-y3,0.49,min_pos,10,500.0,3.3275,-9.9041,0.7747
a04,DLC6.4-a-s1,3.0,center,30,24340.0,0.1611,0.2151,0.1697
a04,DLC6.4-a-s2,3.0,center,30,24340.0,0.5876,0.6298,0.5944
a04,DLC6.4-a-s3,3.0,center,30,24340.0,0.4682,0.618,0.4922
a04,DLC6.4-a-s4,3.0,center,30,24340.0,0.5812,0.7054,0.6011
a04,DLC6.4-a-s5,3.0,center,30,24340.0,0.2415,0.2982,0.2506
a04,DLC6.4-a-s6,3.0,center,30,24340.0,0.5511,0.6402,0.5653
a04,DLC6.4-b-s1,0.29,center,30,292.4,2.5771,-4.3301,1.3663
a04,DLC6.4-b-s2,0.29,center,30,292.4,2.8077,-5.0946,1.4025
a04,DLC6.4-b-s3,0.23,center,30,292.4,2.3936,-2.8857,1.4965
a04,DLC6.4-b-s4,0.4,center,30,292.4,2.3407,-9.1685,0.1139
a04,DLC6.4-b-s5,0.52,min_pos,30,292.4,4.0678,-11.7124,0.6423
a04,DLC6.4-b-s6,0.25,center,30,292.4,2.3557,-3.1422,1.4245
a05,DLC1.2-a-s1,0.17,center,30,37800.0,1.5808,-0.6237,1.4855
a05,DLC1.2-a-s2,0.16,center,30,37800.0,1.5495,0.0366,1.4845
a05,DLC1.2-a-s3,0.16,center,30,37800.0,1.5968,0.1387,1.5332
a05,DLC1.2-a-s4,0.16,center,30,37800.0,1.4961,0.0985,1.4346
a05,DLC1.2-a-s5,0.18,center,30,37800.0,1.675,0.1681,1.6056
a05,DLC1.2-a-s6,0.17,center,30,37800.0,1.5919,-0.1706,1.516
a05,DLC1.2-b-s1,0.18,center,30,45700.0,1.667,-7.2744,1.4377
a05,DLC1.2-b-s2,0.18,center,30,45700.0,1.5855,-5.3434,1.4107
a05,DLC1.2-b-s3,0.18,center,30,45700.0,1.7619,-6.7117,1.5465
a05,DLC1.2-b-s4,0.18,center,30,45700.0,1.5879,-7.6077,1.3627
a05,DLC1.2-b-s5,0.18,center,30,45700.0,1.7489,-5.4821,1.55
a05,DLC1.2-b-s6,0.18,center,30,45700.0,1.8407,-6.1883,1.643
a05,DLC1.2-c-s1,0.2,center,30,45040.0,1.7489,-10.172,1.5024
a05,DLC1.2-c-s2,0.21,center,30,45040.0,1.9461,-13.2245,1.6101
a05,DLC1.2-c-s3,0.2,center,30,45040.0,1.7492,-13.6086,1.4505
a05,DLC1.2-c-s4,0.23,center,30,45040.0,1.9823,-10.6867,1.679
a05,DLC1.2-c-s5,0.2,center,30,45040.0,1.8143,-13.4774,1.4689
a05,DLC1.2-c-s6,0.21,center,30,45040.0,1.8402,-11.7404,1.5052
a05,DLC1.2-d-s1,0.2,center,30,38180.0,2.2174,-17.4881,1.7792
a05,DLC1.2-d-s2,0.2,center,30,38180.0,1.8742,-15.8868,1.5797
a05,DLC1.2-d-s3,0.19,center,30,38180.0,1.6471,-14.8206,1.3573
a05,DLC1.2-d-s4,0.2,center,30,38180.0,1.9742,-18.3367,1.5981
a05,DLC1.2-d-s5,0.21,center,30,38180.0,2.0557,-15.9349,1.6412
a05,DLC1.2-d-s6,0.2,center,30,38180.0,1.7122,-17.1124,1.3349
a05,DLC1.2-e-s1,0.23,center,30,28490.0,1.8616,-24.0351,1.2678
a05,DLC1.2-e-s2,0.24,center,30,28490.0,2.1253,-24.6305,1.4969
a05,DLC1.2-e-s3,0.21,center,30,28490.0,2.0091,-23.6667,1.5549
a05,DLC1.2-e-s4,0.24,center,30,28490.0,2.2884,-28.1068,1.6648
a05,DLC1.2-e-s5,0.21,center,30,28490.0,1.716,-15.4837,1.309
a05,DLC1.2-e-s6,0.22,center,30,28490.0,1.8073,-24.3664,1.2777
a05,DLC1.2-f-s1,0.29,center,30,18970.0,2.0238,-30.7571,1.2615
a05,DLC1.2-f-s2,0.29,center,30,18970.0,2.4099,-28.8631,1.8476
a05,DLC1.2-f-s3,0.29,center,30,18970.0,2.1413,-24.869,1.2668
a05,DLC1.2-f-s4,0.29,center,30,18970.0,2.7459,-24.9347,1.9724
a05,DLC1.2-f-s5,0.27,center,30,18970.0,1.8834,-22.9717,1.1897
a05,DLC1.2-f-s6,0.31,center,30,18970.0,2.039,-34.7648,1.0711
a05,DLC1.2-g-s1,0.36,center,30,11340.0,2.8013,-29.1068,1.8416
a05,DLC1.2-g-s2,0.36,center,30,11340.0,2.8061,-22.1397,1.9383
a05,DLC1.2-g-s3,0.36,center,30,11340.0,2.6886,-37.2367,1.4233
a05,DLC1.2-g-s4,0.36,center,30,11340.0,2.8635,-31.2881,1.8243
a05,DLC1.2-g-s5,0.37,center,30,11340.0,2.0055,-33.75,0.9429
a05,DLC1.2-g-s6,0.37,center,30,11340.0,2.491,-28.5376,1.3718
a05,DLC1.2-h-s1,0.42,center,30,6126.0,2.3618,-25.4466,0.8288
a05,DLC1.2-h-s2,0.43,center,30,6126.0,2.1027,-37.6739,0.7449
a05,DLC1.2-h-s3,0.42,center,30,6126.0,2.3458,-34.2571,1.0251
a05,DLC1.2-h-s4,0.43,center,30,6126.0,2.6278,-30.4783,1.2392
a05,DLC1.2-h-s5,0.42,center,30,6126.0,2.4156,-35.7092,1.0109
a05,DLC1.2-h-s6,0.43,center,30,6126.0,1.9241,-40.4351,0.5745
a05,DLC1.2-i-s1,0.53,center,30,2997.0,2.9261,-43.6637,0.9394
a05,DLC1.2-i-s2,0.45,center,30,2997.0,2.6288,-25.1511,1.1803
a05,DLC1.2-i-s3,0.44,center,30,2997.0,2.7961,-25.9983,1.3171
a05,DLC1.2-i-s4,0.48,center,30,2997.0,2.1099,-39.0496,0.2105
a05,DLC1.2-i-s5,0.48,center,30,2997.0,2.6452,-30.241,0.2576
a05,DLC1.2-i-s6,0.51,center,30,2997.0,2.2483,-30.7374,0.5534
a05,DLC1.2-j-s1,0.52,min_pos,30,1332.0,4.1643,-32.2403,1.2964
a05,DLC1.2-j-s2,0.55,center,30,1332.0,2.9729,-27.1807,0.9476
a05,DLC1.2-j-s3,0.54,center,30,1332.0,2.9622,-34.1755,0.5337
a05,DLC1.2-j-s4,0.53,center,30,1332.0,2.7046,-32.5783,0.5932
a05,DLC1.2-j-s5,0.56,center,30,1332.0,2.697,-19.8312,0.8374
a05,DLC1.2-j-s6,0.58,center,30,1332.0,2.7559,-36.4214,0.9722
a05,DLC1.2-k-s1,0.61,center,30,538.2,2.4493,-14.9585,0.4432
a05,DLC1.2-k-s2,0.64,center,30,538.2,1.6417,-9.2962,0.6042
a05,DLC1.2-k-s3,0.63,center,30,538.2,2.4866,-11.0295,0.7766
a05,DLC1.2-k-s4,0.6,center,30,538.2,2.3555,-10.846,0.4716
a05,DLC1.2-k-s5,0.51,center,30,538.2,0.8017,3.0021,1.2142
a05,DLC1.2-k-s6,0.58,min_pos,30,538.2,3.5209,-13.8977,1.2245
a05,DLC2.4.1-a-s1,0.33,center,3,50.0,0.2545,8.0893,1.9886
a05,DLC2.4.1-a-s2,0.37,center,3,50.0,0.4359,8.5227,2.1553
a05,DLC2.4.1-a-s3,0.35,center,3,50.0,0.2305,3.842,1.0094
a05,DLC2.4.1-a-s4,0.33,center,3,50.0,1.2849,1.7379,1.3864
a05,DLC2.4.1-a-s5,0.38,center,3,50.0,0.1789,9.5487,2.2194
a05,DLC2.4.1-a-s6,0.33,center,3,50.0,0.5002,11.328,2.743
a05,DLC2.4.1-b-s1,0.62,min_pos,3,50.0,3.8671,-11.4887,0.5807
a05,DLC2.4.1-b-s2,0.49,center,3,50.0,2.7907,-8.941,0.3397
a05,DLC2.4.1-b-s3,0.42,min_pos,3,50.0,3.8429,-12.2114,0.5254
a05,DLC2.4.1-b-s4,0.48,center,3,50.0,2.6023,-8.4298,0.2948
a05,DLC2.4.1-b-s5,0.52,min_pos,3,50.0,4.4444,-12.0905,0.4532
a05,DLC2.4.1-b-s6,0.37,min_pos,3,50.0,3.1165,-7.3042,0.7997
a05,DLC2.4.2-a-s1,0.25,center,15,25.0,2.4743,-21.6506,0.9328
a05,DLC2.4.2-a-s2,0.2,center,15,25.0,2.1321,-2.7019,1.7155
a05,DLC2.4.2-a-s3,0.27,center,15,25.0,2.75,-11.3422,1.5516
a05,DLC2.4.2-a-s4,0.24,center,15,25.0,2.1608,-3.0082,1.6582
a05,DLC2.4.2-a-s5,0.28,center,15,25.0,2.5188,-16.8259,0.9615
a05,DLC2.4.2-a-s6,0.25,center,15,25.0,2.5898,-7.4395,1.7296
a05,DLC2.4.2-b-s1,0.37,center,15,25.0,2.4211,-6.283,0.9404
a05,DLC2.4.2-b-s2,0.51,center,15,25.0,2.8845,-7.4244,0.8807
a05,DLC2.4.2-b-s3,0.42,center,15,25.0,2.5271,-8.8748,0.6396
a05,DLC2.4.2-b-s4,0.41,center,15,25.0,2.5473,-6.4516,0.9907
a05,DLC2.4.2-b-s5,0.37,center,15,25.0,2.2636,-4.3689,1.0969
a05,DLC2.4.2-b-s6,0.27,center,15,25.0,2.5333,-6.5823,0.9175
a05,DLC4.1-a-y1,0.16,center,10,10000.0,1.584,0.9114,1.4784
a05,DLC4.1-a-y2,0.16,center,10,10000.0,1.5529,0.9469,1.4586
a05,DLC4.1-a-y3,0.16,center,10,10000.0,1.5346,1.0137,1.4541
a05,DLC4.1-b-y1,0.27,center,10,500.0,1.902,-1.8763,1.4087
a05,DLC4.1-b-y2,0.28,center,10,500.0,2.0256,-1.8048,1.5467
a05,DLC4.1-b-y3,0.27,center,10,500.0,1.9957,-1.2024,1.6135
a05,DLC4.1-c-y1,0.24,center,10,500.0,2.1495,-2.4055,1.3523
a05,DLC4.1-c-y2,0.32,center,10,500.0,2.7953,-3.9645,1.6707
a05,DLC4.1-c-y3,0.49,min_pos,10,500.0,3.3248,-9.9072,0.772
a05,DLC6.4-a-s1,3.0,center,30,24340.0,0.1611,0.2151,0.1697
a05,DLC6.4-a-s2,3.0,center,30,24340.0,0.5876,0.6298,0.5944
a05,DLC6.4-a-s3,3.0,center,30,24340.0,0.4682,0.618,0.4922
a05,DLC6.4-a-s4,3.0,center,30,24340.0,0.5812,0.7054,0.6011
a05,DLC6.4-a-s5,3.0,center,30,24340.0,0.2415,0.2982,0.2506
a05,DLC6.4-a-s6,3.0,center,30,24340.0,0.5511,0.6402,0.5653
a05,DLC6.4-b-s1,0.29,center,30,292.4,2.5788,-4.3287,1.368
a05,DLC6.4-b-s2,0.29,center,30,292.4,2.8096,-5.0929,1.4044
a05,DLC6.4-b-s3,0.23,center,30,292.4,2.3946,-2.8849,1.4976
a05,DLC6.4-b-s4,0.4,center,30,292.4,2.3427,-9.1669,0.1159
a05,DLC6.4-b-s5,0.52,min_pos,30,292.4,4.0699,-11.7109,0.6443
a05,DLC6.4-b-s6,0.25,center,30,292.4,2.3575,-3.1405,1.4264
a06,DLC1.2-a-s1,0.17,center,30,37800.0,1.5671,-0.3143,1.4557
a06,DLC1.2-a-s2,0.16,center,30,37800.0,1.5444,0.3292,1.4727
a06,DLC1.2-a-s3,0.16,center,30,37800.0,1.5924,0.4329,1.523
a06,DLC1.2-a-s4,0.16,center,30,37800.0,1.4926,0.3974,1.4266
a06,DLC1.2-a-s5,0.18,center,30,37800.0,1.6687,0.4138,1.5901
a06,DLC1.2-a-s6,0.17,center,30,37800.0,1.5837,0.1269,1.4974
a06,DLC1.2-b-s1,0.18,center,30,45700.0,1.6381,-3.1419,1.4565
a06,DLC1.2-b-s2,0.18,center,30,45700.0,1.5625,-2.3737,1.4127
a06,DLC1.2-b-s3,0.18,center,30,45700.0,1.7336,-3.3717,1.5418
a06,DLC1.2-b-s4,0.18,center,30,45700.0,1.5548,-3.6852,1.3617
a06,DLC1.2-b-s5,0.18,center,30,45700.0,1.7253,-2.5231,1.5595
a06,DLC1.2-b-s6,0.18,center,30,45700.0,1.8158,-2.4746,1.6587
a06,DLC1.2-c-s1,0.19,center,30,45040.0,1.5477,-12.2016,1.2762
a06,DLC1.2-c-s2,0.21,center,30,45040.0,1.8563,-14.2314,1.5023
a06,DLC1.2-c-s3,0.21,center,30,45040.0,2.0203,-12.0663,1.7235
a06,DLC1.2-c-s4,0.21,center,30,45040.0,1.7442,-13.8394,1.413
a06,DLC1.2-c-s5,0.2,center,30,45040.0,1.8601,-15.6351,1.4957
a06,DLC1.2-c-s6,0.21,center,30,45040.0,1.7405,-13.1951,1.3934
a06,DLC1.2-d-s1,0.24,center,30,38180.0,1.8037,-14.941,1.224
a06,DLC1.2-d-s2,0.23,center,30,38180.0,1.8268,-14.9113,1.4143
a06,DLC1.2-d-s3,0.24,center,30,38180.0,1.7017,-10.9004,1.3582
a06,DLC1.2-d-s4,0.24,center,30,38180.0,1.9889,-15.6206,1.4946
a06,DLC1.2-d-s5,0.26,center,30,38180.0,2.1494,-11.8019,1.6484
a06,DLC1.2-d-s6,0.24,center,30,38180.0,1.8539,-14.8181,1.3712
a06,DLC1.2-e-s1,0.28,center,30,28490.0,2.0772,-20.0846,1.3024
a06,DLC1.2-e-s2,0.3,center,30,28490.0,2.3848,-19.669,1.6067
a06,DLC1.2-e-s3,0.26,center,30,28490.0,1.969,-20.7303,1.4051
a06,DLC1.2-e-s4,0.29,center,30,28490.0,2.3423,-24.2084,1.4545
a06,DLC1.2-e-s5,0.25,center,30,28490.0,1.7119,-12.4666,1.1927
a06,DLC1.2-e-s6,0.28,center,30,28490.0,2.0652,-19.5335,1.4128
a06,DLC1.2-f-s1,0.33,center,30,18970.0,1.9323,-28.7829,1.0754
a06,DLC1.2-f-s2,0.31,center,30,18970.0,1.9545,-29.0064,1.2828
a06,DLC1.2-f-s3,0.34,center,30,18970.0,2.3802,-20.4195,1.4798
a06,DLC1.2-f-s4,0.32,center,30,18970.0,2.1093,-23.269,1.2511
a06,DLC1.2-f-s5,0.32,center,30,18970.0,2.2426,-18.9742,1.507
a06,DLC1.2-f-s6,0.35,center,30,18970.0,2.5415,-32.6535,1.3751
a06,DLC1.2-g-s1,0.36,center,30,11340.0,2.868,-32.4889,1.7183
a06,DLC1.2-g-s2,0.35,center,30,11340.0,2.7839,-26.6038,1.7108
a06,DLC1.2-g-s3,0.36,center,30,11340.0,2.0974,-40.9262,0.6448
a06,DLC1.2-g-s4,0.36,center,30,11340.0,2.3539,-35.108,1.1442
a06,DLC1.2-g-s5,0.37,center,30,11340.0,2.3375,-38.0753,1.08
a06,DLC1.2-g-s6,0.37,center,30,11340.0,2.9192,-32.2013,1.6387
a06,DLC1.2-h-s1,0.41,center,30,6126.0,2.3745,-29.9841,0.4816
a06,DLC1.2-h-s2,0.43,center,30,6126.0,2.1152,-39.5183,0.5908
a06,DLC1.2-h-s3,0.41,center,30,6126.0,2.0477,-39.7827,0.4156
a06,DLC1.2-h-s4,0.42,center,30,6126.0,2.7954,-36.6062,1.0809
a06,DLC1.2-h-s5,0.41,center,30,6126.0,1.8264,-40.2212,0.2314
a06,DLC1.2-h-s6,0.43,center,30,6126.0,1.8301,-43.8735,0.2126
a06,DLC1.2-i-s1,0.52,center,30,2997.0,2.3496,-46.6054,0.0275
a06,DLC1.2-i-s2,0.43,center,30,2997.0,2.1862,-31.8688,0.2346
a06,DLC1.2-i-s3,0.43,center,30,2997.0,2.9332,-31.8036,1.0271
a06,DLC1.2-i-s4,0.49,min_pos,30,2997.0,3.1529,-38.0351,0.8579
a06,DLC1.2-i-s5,0.49,min_pos,30,2997.0,3.6984,-27.5836,0.9952
a06,DLC1.2-i-s6,0.51,center,30,2997.0,2.1047,-33.0971,0.0298
a06,DLC1.2-j-s1,0.51,min_pos,30,1332.0,3.8465,-33.9048,0.0991
a06,DLC1.2-j-s2,0.56,center,30,1332.0,2.723,-22.0832,0.6104
a06,DLC1.2-j-s3,0.54,center,30,1332.0,2.8659,-33.0234,0.0047
a06,DLC1.2-j-s4,0.52,center,30,1332.0,2.9409,-34.7469,0.1602
a06,DLC1.2-j-s5,0.57,min_pos,30,1332.0,3.4799,-16.8315,1.4296
a06,DLC1.2-j-s6,0.59,center,30,1332.0,2.5378,-34.2639,0.4949
a06,DLC1.2-k-s1,0.63,center,30,538.2,2.3182,-8.0628,0.787
a06,DLC1.2-k-s2,0.67,center,30,538.2,1.1574,2.5229,1.3362
a06,DLC1.2-k-s3,0.65,center,30,538.2,1.8235,-3.6753,0.9591
a06,DLC1.2-k-s4,0.62,center,30,538.2,2.0176,-5.3892,0.7766
a06,DLC1.2-k-s5,0.52,center,30,538.2,0.1694,4.6349,1.2159
a06,DLC1.2-k-s6,0.59,center,30,538.2,2.7348,-8.9918,0.7152
a06,DLC2.4.1-a-s1,0.33,center,3,50.0,1.2109,4.2951,1.8679
a06,DLC2.4.1-a-s2,0.35,center,3,50.0,1.1536,3.0396,1.5508
a06,DLC2.4.1-a-s3,0.36,center,3,50.0,1.2031,2.0918,1.3915
a06,DLC2.4.1-a-s4,0.32,center,3,50.0,2.9087,-1.3049,1.9958
a06,DLC2.4.1-a-s5,0.36,center,3,50.0,0.2589,4.0929,1.0743
a06,DLC2.4.1-a-s6,0.31,center,3,50.0,0.4058,6.3305,1.5928
a06,DLC2.4.1-b-s1,0.61,center,3,50.0,2.7182,-9.7794,0.0569
a06,DLC2.4.1-b-s2,0.49,center,3,50.0,2.677,-6.7446,0.7116
a06,DLC2.4.1-b-s3,0.42,min_pos,3,50.0,3.7276,-9.311,1.0449
a06,DLC2.4.1-b-s4,0.48,center,3,50.0,2.5397,-5.9708,0.7726
a06,DLC2.4.1-b-s5,0.52,min_pos,3,50.0,4.2452,-11.9791,0.2977
a06,DLC2.4.1-b-s6,0.37,center,3,50.0,2.8802,-5.4273,1.0467
a06,DLC2.4.2-a-s1,0.25,center,15,25.0,2.3471,-17.5383,0.4057
a06,DLC2.4.2-a-s2,0.19,center,15,25.0,1.8204,-2.3823,1.3419
a06,DLC2.4.2-a-s3,0.32,center,15,25.0,2.9034,-7.862,1.6983
a06,DLC2.4.2-a-s4,0.27,center,15,25.0,2.0089,-1.4727,1.5847
a06,DLC2.4.2-a-s5,0.32,center,15,25.0,2.7298,-11.3185,1.1936
a06,DLC2.4.2-a-s6,0.28,center,15,25.0,2.1107,-5.3172,1.2854
a06,DLC2.4.2-b-s1,0.37,center,15,25.0,2.4348,-6.0737,0.8826
a06,DLC2.4.2-b-s2,0.51,center,15,25.0,2.7059,-7.0797,0.6952
a06,DLC2.4.2-b-s3,0.42,center,15,25.0,2.3056,-8.8268,0.3914
a06,DLC2.4.2-b-s4,0.41,center,15,25.0,2.3911,-6.0828,0.8716
a06,DLC2.4.2-b-s5,0.38,center,15,25.0,2.328,-3.5177,1.2471
a06,DLC2.4.2-b-s6,0.27,center,15,25.0,2.6402,-7.0288,0.8292
a06,DLC4.1-a-y1,0.16,center,10,10000.0,1.5886,1.099,1.5119
a06,DLC4.1-a-y2,0.16,center,10,10000.0,1.5576,1.1129,1.4885
a06,DLC4.1-a-y3,0.16,center,10,10000.0,1.54,1.1551,1.4806
a06,DLC4.1-b-y1,0.24,center,10,500.0,1.9725,-2.0451,1.3986
a06,DLC4.1-b-y2,0.25,center,10,500.0,1.9732,-1.9785,1.4299
a06,DLC4.1-b-y3,0.24,center,10,500.0,1.9402,-1.5146,1.4787
a06,DLC4.1-c-y1,0.24,center,10,500.0,2.1678,-1.8055,1.4591
a06,DLC4.1-c-y2,0.32,center,10,500.0,2.6556,-3.8058,1.5467
a06,DLC4.1-c-y3,0.49,min_pos,10,500.0,3.0047,-10.1026,0.3781
a06,DLC6.4-a-s1,3.0,center,30,24340.0,0.1666,0.2608,0.1821
a06,DLC6.4-a-s2,3.0,center,30,24340.0,0.5918,0.6649,0.6038
a06,DLC6.4-a-s3,3.0,center,30,24340.0,0.4754,0.6554,0.505
a06,DLC6.4-a-s4,3.0,center,30,24340.0,0.5876,0.7403,0.6127
a06,DLC6.4-a-s5,3.0,center,30,24340.0,0.2458,0.3296,0.2596
a06,DLC6.4-a-s6,3.0,center,30,24340.0,0.5564,0.6741,0.5758
a06,DLC6.4-b-s1,0.29,center,30,292.4,2.4425,-4.4356,1.2055
a06,DLC6.4-b-s2,0.29,center,30,292.4,2.6445,-5.208,1.2139
a06,DLC6.4-b-s3,0.23,center,30,292.4,2.292,-2.9997,1.3697
a06,DLC6.4-b-s4,0.41,min_pos,30,292.4,3.0108,-8.3959,0.7415
a06,DLC6.4-b-s5,0.52,min_pos,30,292.4,3.6715,-12.1291,0.141
a06,DLC6.4-b-s6,0.25,center,30,292.4,2.257,-3.2099,1.3087
a07,DLC1.2-a-s1,0.17,center,30,37800.0,1.5647,-0.3342,1.4531
a07,DLC1.2-a-s2,0.16,center,30,37800.0,1.544,0.3164,1.4721
a07,DLC1.2-a-s3,0.16,center,30,37800.0,1.592,0.4199,1.5223
a07,DLC1.2-a-s4,0.16,center,30,37800.0,1.4925,0.3859,1.4262
a07,DLC1.2-a-s5,0.18,center,30,37800.0,1.6685,0.402,1.5897
a07,DLC1.2-a-s6,0.17,center,30,37800.0,1.5829,0.1122,1.4964
a07,DLC1.2-b-s1,0.18,center,30,45700.0,1.6318,-3.1911,1.4501
a07,DLC1.2-b-s2,0.18,center,30,45700.0,1.557,-2.4119,1.4072
a07,DLC1.2-b-s3,0.18,center,30,45700.0,1.7257,-3.4271,1.5337
a07,DLC1.2-b-s4,0.18,center,30,45700.0,1.5471,-3.7377,1.354
a07,DLC1.2-b-s5,0.18,center,30,45700.0,1.7197,-2.569,1.5536
a07,DLC1.2-b-s6,0.18,center,30,45700.0,1.8103,-2.5187,1.6531
a07,DLC1.2-c-s1,0.2,center,30,45040.0,1.9925,-11.4272,1.7312
a07,DLC1.2-c-s2,0.21,center,30,45040.0,1.8388,-14.3861,1.486
a07,DLC1.2-c-s3,0.21,center,30,45040.0,2.0034,-12.2003,1.7077
a07,DLC1.2-c-s4,0.21,center,30,45040.0,1.7233,-13.9696,1.3937
a07,DLC1.2-c-s5,0.2,center,30,45040.0,1.8397,-15.834,1.4764
a07,DLC1.2-c-s6,0.21,center,30,45040.0,1.7228,-13.3637,1.3768
a07,DLC1.2-d-s1,0.24,center,30,38180.0,1.7694,-15.1673,1.1896
a07,DLC1.2-d-s2,0.23,center,30,38180.0,1.802,-15.107,1.3909
a07,DLC1.2-d-s3,0.24,center,30,38180.0,1.6742,-11.0752,1.3313
a07,DLC1.2-d-s4,0.24,center,30,38180.0,1.9565,-15.8487,1.4628
a07,DLC1.2-d-s5,0.26,center,30,38180.0,2.1175,-11.9824,1.6167
a07,DLC1.2-d-s6,0.24,center,30,38180.0,1.8214,-15.0201,1.3397
a07,DLC1.2-e-s1,0.28,center,30,28490.0,2.0208,-20.3556,1.2466
a07,DLC1.2-e-s2,0.3,center,30,28490.0,2.3276,-19.9584,1.5499
a07,DLC1.2-e-s3,0.26,center,30,28490.0,1.9276,-21.0053,1.3654
a07,DLC1.2-e-s4,0.29,center,30,28490.0,2.2867,-24.5333,1.3996
a07,DLC1.2-e-s5,0.25,center,30,28490.0,1.6753,-12.6406,1.1566
a07,DLC1.2-e-s6,0.28,center,30,28490.0,2.011,-19.8035,1.3598
a07,DLC1.2-f-s1,0.34,center,30,18970.0,2.7797,-27.7958,1.9371
a07,DLC1.2-f-s2,0.31,center,30,18970.0,1.8744,-29.3119,1.2073
a07,DLC1.2-f-s3,0.34,center,30,18970.0,2.3056,-20.6726,1.4076
a07,DLC1.2-f-s4,0.32,center,30,18970.0,2.0297,-23.4865,1.1748
a07,DLC1.2-f-s5,0.32,center,30,18970.0,2.1785,-19.1714,1.4455
a07,DLC1.2-f-s6,0.35,center,30,18970.0,2.4482,-33.0388,1.2849
a07,DLC1.2-g-s1,0.36,center,30,11340.0,2.7772,-32.8238,1.6328
a07,DLC1.2-g-s2,0.35,center,30,11340.0,2.7084,-26.8879,1.6394
a07,DLC1.2-g-s3,0.36,center,30,11340.0,1.9827,-41.2992,0.5337
a07,DLC1.2-g-s4,0.36,center,30,11340.0,2.2643,-35.4896,1.06
a07,DLC1.2-g-s5,0.37,center,30,11340.0,2.2488,-38.437,0.997
a07,DLC1.2-g-s6,0.37,center,30,11340.0,2.8255,-32.5201,1.5507
a07,DLC1.2-h-s1,0.41,center,30,6126.0,2.2895,-30.2017,0.4044
a07,DLC1.2-h-s2,0.43,center,30,6126.0,2.0112,-39.887,0.4952
a07,DLC1.2-h-s3,0.41,center,30,6126.0,1.9308,-40.161,0.308
a07,DLC1.2-h-s4,0.42,center,30,6126.0,2.7109,-36.9077,1.0039
a07,DLC1.2-h-s5,0.42,center,30,6126.0,2.9144,-39.1433,1.3362
a07,DLC1.2-h-s6,0.44,center,30,6126.0,2.9515,-42.8783,1.3474
a07,DLC1.2-i-s1,0.53,min_pos,30,2997.0,3.5032,-45.6562,1.193
a07,DLC1.2-i-s2,0.43,center,30,2997.0,2.0946,-32.127,0.1509
a07,DLC1.2-i-s3,0.43,center,30,2997.0,2.8619,-32.0117,0.964
a07,DLC1.2-i-s4,0.49,min_pos,30,2997.0,3.0219,-38.3749,0.7339
a07,DLC1.2-i-s5,0.49,min_pos,30,2997.0,3.5548,-27.8425,0.8528
a07,DLC1.2-i-s6,0.52,min_pos,30,2997.0,3.3962,-31.8692,1.3328
a07,DLC1.2-j-s1,0.52,min_pos,30,1332.0,5.2042,-32.7645,1.455
a07,DLC1.2-j-s2,0.56,center,30,1332.0,2.5512,-22.4221,0.44
a07,DLC1.2-j-s3,0.55,min_pos,30,1332.0,4.2213,-31.6504,1.3807
a07,DLC1.2-j-s4,0.52,center,30,1332.0,2.7902,-35.1277,0.0166
a07,DLC1.2-j-s5,0.57,min_pos,30,1332.0,3.3428,-17.112,1.2898
a07,DLC1.2-j-s6,0.59,center,30,1332.0,2.4598,-34.7092,0.4187
a07,DLC1.2-k-s1,0.63,center,30,538.2,2.1856,-8.3927,0.634
a07,DLC1.2-k-s2,0.67,center,30,538.2,0.9945,2.1982,1.151
a07,DLC1.2-k-s3,0.65,center,30,538.2,1.6901,-4.0032,0.8002
a07,DLC1.2-k-s4,0.62,center,30,538.2,1.9052,-5.7025,0.6369
a07,DLC1.2-k-s5,0.52,center,30,538.2,0.0929,4.6652,1.1642
a07,DLC1.2-k-s6,0.59,center,30,538.2,2.5886,-9.3143,0.5469
a07,DLC2.4.1-a-s1,0.33,center,3,50.0,1.1331,4.2189,1.789
a07,DLC2.4.1-a-s2,0.35,center,3,50.0,1.1934,3.1272,1.6
a07,DLC2.4.1-a-s3,0.36,center,3,50.0,1.1559,2.0706,1.3496
a07,DLC2.4.1-a-s4,0.32,center,3,50.0,2.8879,-1.24,1.9946
a07,DLC2.4.1-a-s5,0.36,center,3,50.0,0.2507,4.1676,1.082
a07,DLC2.4.1-a-s6,0.31,center,3,50.0,0.3539,6.3341,1.5494
a07,DLC2.4.1-b-s1,0.61,center,3,50.0,2.772,-9.4499,0.174
a07,DLC2.4.1-b-s2,0.49,center,3,50.0,2.949,-6.3803,1.0073
a07,DLC2.4.1-b-s3,0.42,min_pos,3,50.0,3.7087,-9.1073,1.0745
a07,DLC2.4.1-b-s4,0.48,center,3,50.0,2.6536,-5.6992,0.9217
a07,DLC2.4.1-b-s5,0.52,min_pos,3,50.0,4.1822,-11.9365,0.2629
a07,DLC2.4.1-b-s6,0.36,center,3,50.0,1.9439,-6.2054,0.1482
a07,DLC2.4.2-a-s1,0.25,center,15,25.0,2.3751,-17.1985,0.4542
a07,DLC2.4.2-a-s2,0.19,center,15,25.0,1.8411,-2.2705,1.3696
a07,DLC2.4.2-a-s3,0.32,center,15,25.0,2.8038,-7.8745,1.6001
a07,DLC2.4.2-a-s4,0.27,center,15,25.0,1.9662,-1.4677,1.5451
a07,DLC2.4.2-a-s5,0.32,center,15,25.0,2.6411,-11.3489,1.1015
a07,DLC2.4.2-a-s6,0.29,center,15,25.0,2.5738,-4.886,1.7386
a07,DLC2.4.2-b-s1,0.37,center,15,25.0,2.4969,-6.0055,0.9488
a07,DLC2.4.2-b-s2,0.51,center,15,25.0,2.7221,-7.1306,0.6998
a07,DLC2.4.2-b-s3,0.42,center,15,25.0,2.2888,-8.8159,0.3756
a07,DLC2.4.2-b-s4,0.41,center,15,25.0,2.5088,-5.922,0.9961
a07,DLC2.4.2-b-s5,0.38,center,15,25.0,2.57,-3.3179,1.4813
a07,DLC2.4.2-b-s6,0.27,center,15,25.0,2.8378,-6.711,1.054
a07,DLC4.1-a-y1,0.16,center,10,10000.0,1.584,1.0995,1.5082
a07,DLC4.1-a-y2,0.16,center,10,10000.0,1.5523,1.1115,1.4838
a07,DLC4.1-a-y3,0.16,center,10,10000.0,1.5334,1.151,1.4744
a07,DLC4.1-b-y1,0.25,center,10,500.0,2.126,-1.8922,1.5502
a07,DLC4.1-b-y2,0.26,center,10,500.0,2.1166,-1.8316,1.5718
a07,DLC4.1-b-y3,0.24,center,10,500.0,1.8723,-1.5659,1.4112
a07,DLC4.1-c-y1,0.24,center,10,500.0,2.0918,-1.899,1.3803
a07,DLC4.1-c-y2,0.32,center,10,500.0,2.5896,-3.8804,1.4793
a07,DLC4.1-c-y3,0.49,center,10,500.0,2.9433,-10.1629,0.3161
a07,DLC6.4-a-s1,3.0,center,30,24340.0,0.1666,0.2608,0.1821
a07,DLC6.4-a-s2,3.0,center,30,24340.0,0.5918,0.6649,0.6038
a07,DLC6.4-a-s3,3.0,center,30,24340.0,0.4755,0.6554,0.505
a07,DLC6.4-a-s4,3.0,center,30,24340.0,0.5876,0.7403,0.6127
a07,DLC6.4-a-s5,3.0,center,30,24340.0,0.2458,0.3296,0.2596
a07,DLC6.4-a-s6,3.0,center,30,24340.0,0.5564,0.6741,0.5758
a07,DLC6.4-b-s1,0.29,center,30,292.4,2.4572,-4.4189,1.2204
a07,DLC6.4-b-s2,0.29,center,30,292.4,2.6616,-5.1881,1.2314
a07,DLC6.4-b-s3,0.23,center,30,292.4,2.3016,-2.9892,1.3793
a07,DLC6.4-b-s4,0.41,min_pos,30,292.4,3.0251,-8.3797,0.756
a07,DLC6.4-b-s5,0.52,min_pos,30,292.4,3.6908,-12.1085,0.1604
a07,DLC6.4-b-s6,0.25,center,30,292.4,2.2743,-3.1898,1.3264
a08,DLC1.2-a-s1,0.17,center,30,37800.0,1.5048,-0.4525,1.3766
a08,DLC1.2-a-s2,0.16,center,30,37800.0,1.5205,0.2586,1.4381
a08,DLC1.2-a-s3,0.16,center,30,37800.0,1.571,0.365,1.491
a08,DLC1.2-a-s4,0.16,center,30,37800.0,1.4755,0.343,1.4
a08,DLC1.2-a-s5,0.18,center,30,37800.0,1.6407,0.3398,1.5504
a08,DLC1.2-a-s6,0.17,center,30,37800.0,1.5471,0.0358,1.4479
a08,DLC1.2-b-s1,0.19,center,30,45700.0,1.8568,-2.7523,1.6551
a08,DLC1.2-b-s2,0.19,center,30,45700.0,1.7737,-1.9971,1.6089
a08,DLC1.2-b-s3,0.18,center,30,45700.0,1.6001,-3.5572,1.3773
a08,DLC1.2-b-s4,0.19,center,30,45700.0,1.765,-3.298,1.5499
a08,DLC1.2-b-s5,0.18,center,30,45700.0,1.6159,-2.681,1.423
a08,DLC1.2-b-s6,0.18,center,30,45700.0,1.7014,-2.6527,1.5178
a08,DLC1.2-c-s1,0.2,center,30,45040.0,1.8126,-11.4352,1.4989
a08,DLC1.2-c-s2,0.22,center,30,45040.0,2.1156,-13.2733,1.7122
a08,DLC1.2-c-s3,0.21,center,30,45040.0,1.75,-12.1905,1.3981
a08,DLC1.2-c-s4,0.22,center,30,45040.0,1.9761,-13.216,1.5904
a08,DLC1.2-c-s5,0.21,center,30,45040.0,2.0994,-14.7592,1.68
a08,DLC1.2-c-s6,0.22,center,30,45040.0,2.1183,-12.289,1.7185
a08,DLC1.2-d-s1,0.25,center,30,38180.0,1.9658,-13.9783,1.297
a08,DLC1.2-d-s2,0.24,center,30,38180.0,1.9747,-14.0799,1.4876
a08,DLC1.2-d-s3,0.25,center,30,38180.0,1.9927,-9.8999,1.5967
a08,DLC1.2-d-s4,0.25,center,30,38180.0,2.1062,-14.6814,1.5265
a08,DLC1.2-d-s5,0.26,center,30,38180.0,1.789,-11.9486,1.1937
a08,DLC1.2-d-s6,0.25,center,30,38180.0,2.1032,-13.9272,1.538
a08,DLC1.2-e-s1,0.29,center,30,28490.0,2.2156,-19.0243,1.3087
a08,DLC1.2-e-s2,0.31,center,30,28490.0,2.5389,-18.6177,1.6316
a08,DLC1.2-e-s3,0.27,center,30,28490.0,2.4224,-19.8419,1.7474
a08,DLC1.2-e-s4,0.31,center,30,28490.0,2.5779,-21.7327,1.5707
a08,DLC1.2-e-s5,0.27,center,30,28490.0,2.1405,-10.3066,1.5832
a08,DLC1.2-e-s6,0.29,center,30,28490.0,2.0561,-18.515,1.2965
a08,DLC1.2-f-s1,0.35,center,30,18970.0,2.9679,-26.4269,1.9701
a08,DLC1.2-f-s2,0.32,center,30,18970.0,2.1884,-27.9585,1.388
a08,DLC1.2-f-s3,0.35,center,30,18970.0,2.9198,-19.2781,1.8695
a08,DLC1.2-f-s4,0.33,center,30,18970.0,2.3055,-22.1939,1.3063
a08,DLC1.2-f-s5,0.33,center,30,18970.0,2.5645,-17.9449,1.7074
a08,DLC1.2-f-s6,0.36,center,30,18970.0,2.8385,-31.6338,1.4508
a08,DLC1.2-g-s1,0.37,center,30,11340.0,2.9035,-31.5069,1.535
a08,DLC1.2-g-s2,0.35,center,30,11340.0,1.9958,-26.9007,0.7233
a08,DLC1.2-g-s3,0.37,center,30,11340.0,2.1039,-39.866,0.3854
a08,DLC1.2-g-s4,0.37,center,30,11340.0,2.5665,-34.0491,1.1297
a08,DLC1.2-g-s5,0.38,center,30,11340.0,2.3042,-37.1045,0.8178
a08,DLC1.2-g-s6,0.37,center,30,11340.0,1.9616,-32.3942,0.4584
a08,DLC1.2-h-s1,0.42,center,30,6126.0,2.5804,-28.6627,0.3882
a08,DLC1.2-h-s2,0.44,center,30,6126.0,2.1611,-38.0464,0.3664
a08,DLC1.2-h-s3,0.42,center,30,6126.0,2.2451,-38.5426,0.2999
a08,DLC1.2-h-s4,0.43,min_pos,30,6126.0,3.0998,-35.6436,1.0625
a08,DLC1.2-h-s5,0.43,min_pos,30,6126.0,3.095,-37.4609,1.2272
a08,DLC1.2-h-s6,0.45,min_pos,30,6126.0,3.1586,-40.8121,1.238
a08,DLC1.2-i-s1,0.54,min_pos,30,2997.0,3.675,-43.4834,0.9312
a08,DLC1.2-i-s2,0.44,center,30,2997.0,2.5792,-30.7157,0.2626
a08,DLC1.2-i-s3,0.44,min_pos,30,2997.0,3.2105,-30.42,0.9827
a08,DLC1.2-i-s4,0.5,min_pos,30,2997.0,3.0026,-36.1526,0.2891
a08,DLC1.2-i-s5,0.5,min_pos,30,2997.0,3.3565,-25.5439,0.3154
a08,DLC1.2-i-s6,0.52,center,30,2997.0,2.6264,-31.6168,0.1527
a08,DLC1.2-j-s1,0.53,min_pos,30,1332.0,5.4382,-30.2873,1.0795
a08,DLC1.2-j-s2,0.57,center,30,1332.0,2.5296,-19.509,0.2135
a08,DLC1.2-j-s3,0.56,min_pos,30,1332.0,4.5135,-28.79,1.2477
a08,DLC1.2-j-s4,0.54,min_pos,30,1332.0,4.7794,-30.7437,1.5316
a08,DLC1.2-j-s5,0.57,center,30,1332.0,2.3977,-16.2965,0.0964
a08,DLC1.2-j-s6,0.6,min_pos,30,1332.0,3.2431,-31.9362,0.8376
a08,DLC1.2-k-s1,0.64,min_pos,30,538.2,3.0166,-5.1307,1.5751
a08,DLC1.2-k-s2,0.67,center,30,538.2,0.4749,3.5144,0.9652
a08,DLC1.2-k-s3,0.66,center,30,538.2,2.9805,-0.6144,2.3087
a08,DLC1.2-k-s4,0.62,center,30,538.2,1.4477,-4.89,0.2195
a08,DLC1.2-k-s5,0.53,center,30,538.2,1.6288,6.5588,2.9709
a08,DLC1.2-k-s6,0.6,min_pos,30,538.2,3.3004,-6.231,1.3332
a08,DLC2.4.1-a-s1,0.33,center,3,50.0,0.6377,2.7079,1.0899
a08,DLC2.4.1-a-s2,0.35,center,3,50.0,1.0711,1.5192,1.1683
a08,DLC2.4.1-a-s3,0.36,center,3,50.0,1.0725,0.5572,0.9602
a08,DLC2.4.1-a-s4,0.32,center,3,50.0,2.321,-2.437,1.2632
a08,DLC2.4.1-a-s5,0.37,center,3,50.0,1.0834,3.9464,1.709
a08,DLC2.4.1-a-s6,0.31,center,3,50.0,0.5299,5.2243,1.4944
a08,DLC2.4.1-b-s1,0.62,min_pos,3,50.0,3.2484,-8.4578,0.6711
a08,DLC2.4.1-b-s2,0.49,center,3,50.0,2.5392,-6.8655,0.5033
a08,DLC2.4.1-b-s3,0.42,min_pos,3,50.0,3.1914,-9.0276,0.5864
a08,DLC2.4.1-b-s4,0.48,center,3,50.0,2.2154,-5.6245,0.5326
a08,DLC2.4.1-b-s5,0.53,min_pos,3,50.0,4.7315,-11.1557,0.7292
a08,DLC2.4.1-b-s6,0.37,center,3,50.0,2.3827,-5.4189,0.6034
a08,DLC2.4.2-a-s1,0.26,center,15,25.0,2.5668,-16.4205,0.4697
a08,DLC2.4.2-a-s2,0.2,center,15,25.0,1.9817,-2.0547,1.4814
a08,DLC2.4.2-a-s3,0.33,center,15,25.0,2.8431,-7.5748,1.5737
a08,DLC2.4.2-a-s4,0.28,center,15,25.0,1.8518,-1.2317,1.4473
a08,DLC2.4.2-a-s5,0.33,center,15,25.0,2.4949,-10.5949,0.9328
a08,DLC2.4.2-a-s6,0.3,center,15,25.0,2.4317,-4.6015,1.5856
a08,DLC2.4.2-b-s1,0.38,center,15,25.0,2.8773,-5.7206,1.2053
a08,DLC2.4.2-b-s2,0.52,min_pos,15,25.0,3.0352,-6.5236,0.9638
a08,DLC2.4.2-b-s3,0.43,center,15,25.0,2.3263,-8.7451,0.322
a08,DLC2.4.2-b-s4,0.42,center,15,25.0,2.7913,-5.8318,1.1641
a08,DLC2.4.2-b-s5,0.39,center,15,25.0,2.678,-3.4177,1.4815
a08,DLC2.4.2-b-s6,0.28,center,15,25.0,2.9431,-7.3826,0.8974
a08,DLC4.1-a-y1,0.16,center,10,10000.0,1.5914,1.1237,1.5153
a08,DLC4.1-a-y2,0.16,center,10,10000.0,1.5589,1.1319,1.4899
a08,DLC4.1-a-y3,0.16,center,10,10000.0,1.5413,1.1695,1.4816
a08,DLC4.1-b-y1,0.25,center,10,500.0,2.0921,-1.8207,1.5016
a08,DLC4.1-b-y2,0.26,center,10,500.0,2.0545,-1.7813,1.4966
a08,DLC4.1-b-y3,0.25,center,10,500.0,2.043,-1.2792,1.5726
a08,DLC4.1-c-y1,0.24,center,10,500.0,1.9831,-1.9268,1.2554
a08,DLC4.1-c-y2,0.33,center,10,500.0,2.9252,-3.45,1.781
a08,DLC4.1-c-y3,0.5,center,10,500.0,2.9191,-9.9064,0.2342
a08,DLC6.4-a-s1,3.0,center,30,24340.0,0.1869,0.2879,0.2041
a08,DLC6.4-a-s2,3.0,center,30,24340.0,0.6073,0.6858,0.6207
a08,DLC6.4-a-s3,3.0,center,30,24340.0,0.5022,0.687,0.5338
a08,DLC6.4-a-s4,3.0,center,30,24340.0,0.6111,0.7684,0.638
a08,DLC6.4-a-s5,3.0,center,30,24340.0,0.2617,0.3501,0.2768
a08,DLC6.4-a-s6,3.0,center,30,24340.0,0.5762,0.6987,0.5972
a08,DLC6.4-b-s1,0.3,center,30,292.4,2.5383,-4.3024,1.2572
a08,DLC6.4-b-s2,0.3,center,30,292.4,2.695,-5.0948,1.218
a08,DLC6.4-b-s3,0.24,center,30,292.4,2.4312,-2.8439,1.4737
a08,DLC6.4-b-s4,0.42,center,30,292.4,2.9767,-8.3525,0.6302
a08,DLC6.4-b-s5,0.54,min_pos,30,292.4,4.7534,-10.7736,1.1433
a08,DLC6.4-b-s6,0.26,center,30,292.4,2.403,-3.0412,1.4198
b01,DLC1.2-a-s1,0.17,center,30,37800.0,1.6354,-0.0231,1.5491
b01,DLC1.2-a-s2,0.16,center,30,37800.0,1.5661,0.4554,1.5085
b01,DLC1.2-a-s3,0.16,center,30,37800.0,1.6108,0.5474,1.5551
b01,DLC1.2-a-s4,0.16,center,30,37800.0,1.5062,0.4812,1.452
b01,DLC1.2-a-s5,0.17,center,30,37800.0,1.4951,0.2709,1.428
b01,DLC1.2-a-s6,0.17,center,30,37800.0,1.6209,0.3137,1.5531
b01,DLC1.2-b-s1,0.18,center,30,45700.0,1.7888,-4.5703,1.5903
b01,DLC1.2-b-s2,0.18,center,30,45700.0,1.6838,-3.319,1.5272
b01,DLC1.2-b-s3,0.17,center,30,45700.0,1.5607,-4.9724,1.3558
b01,DLC1.2-b-s4,0.18,center,30,45700.0,1.7299,-5.2177,1.5208
b01,DLC1.2-b-s5,0.17,center,30,45700.0,1.5506,-3.7924,1.3717
b01,DLC1.2-b-s6,0.17,center,30,45700.0,1.6336,-4.3834,1.451
b01,DLC1.2-c-s1,0.19,center,30,45040.0,1.7254,-8.7372,1.4649
b01,DLC1.2-c-s2,0.21,center,30,45040.0,1.9504,-10.4175,1.621
b01,DLC1.2-c-s3,0.2,center,30,45040.0,1.8681,-10.64,1.572
b01,DLC1.2-c-s4,0.21,center,30,45040.0,1.6158,-10.1073,1.2873
b01,DLC1.2-c-s5,0.19,center,30,45040.0,1.8477,-11.6317,1.4895
b01,DLC1.2-c-s6,0.2,center,30,45040.0,1.664,-10.2025,1.3217
b01,DLC1.2-d-s1,0.19,center,30,38180.0,1.7023,-16.1168,1.223
b01,DLC1.2-d-s2,0.2,center,30,38180.0,1.9479,-13.3911,1.6304
b01,DLC1.2-d-s3,0.19,center,30,38180.0,1.8637,-12.8327,1.5427
b01,DLC1.2-d-s4,0.2,center,30,38180.0,2.1504,-15.9517,1.7425
b01,DLC1.2-d-s5,0.21,center,30,38180.0,2.1619,-13.9316,1.7148
b01,DLC1.2-d-s6,0.2,center,30,38180.0,1.9026,-14.762,1.4948
b01,DLC1.2-e-s1,0.23,center,30,28490.0,1.9143,-21.2518,1.2802
b01,DLC1.2-e-s2,0.24,center,30,28490.0,2.0051,-21.6093,1.3397
b01,DLC1.2-e-s3,0.21,center,30,28490.0,2.0101,-20.3343,1.5211
b01,DLC1.2-e-s4,0.24,center,30,28490.0,2.3336,-24.7478,1.6686
b01,DLC1.2-e-s5,0.21,center,30,28490.0,1.6844,-13.6625,1.254
b01,DLC1.2-e-s6,0.23,center,30,28490.0,2.3309,-20.3845,1.7693
b01,DLC1.2-f-s1,0.3,center,30,18970.0,2.5972,-25.4606,1.837
b01,DLC1.2-f-s2,0.29,center,30,18970.0,1.9005,-25.2452,1.3131
b01,DLC1.2-f-s3,0.3,center,30,18970.0,2.2172,-21.3317,1.3564
b01,DLC1.2-f-s4,0.29,center,30,18970.0,2.0267,-22.1519,1.2503
b01,DLC1.2-f-s5,0.28,center,30,18970.0,2.369,-19.2806,1.674
b01,DLC1.2-f-s6,0.31,center,30,18970.0,2.6008,-30.6183,1.6014
b01,DLC1.2-g-s1,0.34,center,30,11340.0,2.0528,-28.0913,1.0878
b01,DLC1.2-g-s2,0.36,center,30,11340.0,2.3469,-18.7627,1.5591
b01,DLC1.2-g-s3,0.36,center,30,11340.0,2.3263,-32.6372,1.1408
b01,DLC1.2-g-s4,0.35,center,30,11340.0,2.696,-28.3746,1.6773
b01,DLC1.2-g-s5,0.37,center,30,11340.0,2.8217,-28.8288,1.7922
b01,DLC1.2-g-s6,0.37,center,30,11340.0,2.8022,-24.6358,1.7388
b01,DLC1.2-h-s1,0.41,center,30,6126.0,2.9349,-23.7687,1.5017
b01,DLC1.2-h-s2,0.42,center,30,6126.0,1.9962,-35.0669,0.6907
b01,DLC1.2-h-s3,0.41,center,30,6126.0,2.078,-31.2259,0.8547
b01,DLC1.2-h-s4,0.42,center,30,6126.0,2.7326,-27.239,1.4537
b01,DLC1.2-h-s5,0.4,center,30,6126.0,1.9561,-34.2411,0.5855
b01,DLC1.2-h-s6,0.42,center,30,6126.0,2.2643,-37.9953,0.974
b01,DLC1.2-i-s1,0.51,center,30,2997.0,2.2736,-42.0862,0.4635
b01,DLC1.2-i-s2,0.44,center,30,2997.0,2.8172,-22.9884,1.5267
b01,DLC1.2-i-s3,0.42,center,30,2997.0,2.0618,-25.3649,0.6993
b01,DLC1.2-i-s4,0.47,center,30,2997.0,2.2879,-39.1214,0.5609
b01,DLC1.2-i-s5,0.47,center,30,2997.0,2.641,-32.2329,0.411
b01,DLC1.2-i-s6,0.5,center,30,2997.0,2.2578,-29.4125,0.734
b01,DLC1.2-j-s1,0.5,min_pos,30,1332.0,3.1602,-35.1926,0.6377
b01,DLC1.2-j-s2,0.54,center,30,1332.0,2.5624,-31.9426,0.5929
b01,DLC1.2-j-s3,0.53,center,30,1332.0,2.9402,-36.0471,0.7637
b01,DLC1.2-j-s4,0.51,center,30,1332.0,2.4276,-35.853,0.4897
b01,DLC1.2-j-s5,0.55,center,30,1332.0,1.8338,-23.4263,0.0761
b01,DLC1.2-j-s6,0.58,center,30,1332.0,2.258,-33.9057,0.7372
b01,DLC1.2-k-s1,0.62,center,30,538.2,2.9145,-16.0632,1.1231
b01,DLC1.2-k-s2,0.66,center,30,538.2,1.7052,-11.0363,0.7481
b01,DLC1.2-k-s3,0.64,center,30,538.2,2.1712,-12.1744,0.6638
b01,DLC1.2-k-s4,0.61,center,30,538.2,2.1001,-10.8031,0.4753
b01,DLC1.2-k-s5,0.52,center,30,538.2,0.8837,2.907,1.2003
b01,DLC1.2-k-s6,0.58,min_pos,30,538.2,3.0741,-17.6102,0.8928
b01,DLC2.4.1-a-s1,0.32,center,3,50.0,0.4812,7.4412,2.0394
b01,DLC2.4.1-a-s2,0.36,center,3,50.0,0.9096,8.0871,2.4594
b01,DLC2.4.1-a-s3,0.35,center,3,50.0,1.2141,4.8261,2.0042
b01,DLC2.4.1-a-s4,0.32,center,3,50.0,1.189,1.5417,1.2687
b01,DLC2.4.1-a-s5,0.37,center,3,50.0,0.4997,8.77,2.3247
b01,DLC2.4.1-a-s6,0.32,center,3,50.0,0.5766,10.2268,2.6077
b01,DLC2.4.1-b-s1,0.61,min_pos,3,50.0,3.4096,-11.2796,0.2315
b01,DLC2.4.1-b-s2,0.49,center,3,50.0,2.7707,-6.9002,0.7347
b01,DLC2.4.1-b-s3,0.41,min_pos,3,50.0,3.3175,-11.8421,0.1562
b01,DLC2.4.1-b-s4,0.48,center,3,50.0,2.9817,-7.4804,0.7623
b01,DLC2.4.1-b-s5,0.51,min_pos,3,50.0,4.204,-11.2243,0.4851
b01,DLC2.4.1-b-s6,0.36,center,3,50.0,2.4592,-7.1753,0.3061
b01,DLC2.4.2-a-s1,0.25,center,15,25.0,2.8712,-19.3451,1.2681
b01,DLC2.4.2-a-s2,0.19,center,15,25.0,1.883,-2.4105,1.4718
b01,DLC2.4.2-a-s3,0.27,center,15,25.0,2.7618,-9.8618,1.5726
b01,DLC2.4.2-a-s4,0.23,center,15,25.0,1.8079,-2.7745,1.3185
b01,DLC2.4.2-a-s5,0.28,center,15,25.0,2.7082,-14.5397,1.1691
b01,DLC2.4.2-a-s6,0.24,center,15,25.0,2.202,-6.7888,1.349
b01,DLC2.4.2-b-s1,0.37,center,15,25.0,2.9559,-4.2626,1.7232
b01,DLC2.4.2-b-s2,0.5,center,15,25.0,2.576,-6.6714,0.7716
b01,DLC2.4.2-b-s3,0.41,center,15,25.0,2.5993,-7.491,0.8922
b01,DLC2.4.2-b-s4,0.41,center,15,25.0,2.9086,-4.2992,1.6413
b01,DLC2.4.2-b-s5,0.37,center,15,25.0,2.5338,-2.0053,1.7311
b01,DLC2.4.2-b-s6,0.26,center,15,25.0,2.3686,-4.4241,1.1504
b01,DLC4.1-a-y1,0.16,center,10,10000.0,1.5801,0.9963,1.4845
b01,DLC4.1-a-y2,0.16,center,10,10000.0,1.5511,1.0279,1.466
b01,DLC4.1-a-y3,0.16,center,10,10000.0,1.5331,1.0859,1.4609
b01,DLC4.1-b-y1,0.26,center,10,500.0,2.0349,-1.5899,1.5333
b01,DLC4.1-b-y2,0.26,center,10,500.0,1.9256,-1.7282,1.44
b01,DLC4.1-b-y3,0.25,center,10,500.0,1.8462,-1.2595,1.4496
b01,DLC4.1-c-y1,0.24,center,10,500.0,2.3863,-1.6875,1.6544
b01,DLC4.1-c-y2,0.31,center,10,500.0,2.5556,-3.415,1.5285
b01,DLC4.1-c-y3,0.47,center,10,500.0,2.5148,-9.6752,0.1162
b01,DLC6.4-a-s1,3.0,center,30,24340.0,0.139,0.1876,0.1472
b01,DLC6.4-a-s2,3.0,center,30,24340.0,0.5707,0.6085,0.5771
b01,DLC6.4-a-s3,3.0,center,30,24340.0,0.439,0.574,0.4618
b01,DLC6.4-a-s4,3.0,center,30,24340.0,0.5556,0.6675,0.5744
b01,DLC6.4-a-s5,3.0,center,30,24340.0,0.2243,0.2753,0.2328
b01,DLC6.4-a-s6,3.0,center,30,24340.0,0.5295,0.6098,0.543
b01,DLC6.4-b-s1,0.28,center,30,292.4,2.5213,-3.5013,1.4268
b01,DLC6.4-b-s2,0.28,center,30,292.4,2.806,-4.1285,1.5293
b01,DLC6.4-b-s3,0.22,center,30,292.4,2.2873,-2.2891,1.478
b01,DLC6.4-b-s4,0.39,center,30,292.4,2.5169,-7.7272,0.4845
b01,DLC6.4-b-s5,0.5,min_pos,30,292.4,3.2782,-10.9305,0.1595
b01,DLC6.4-b-s6,0.24,center,30,292.4,2.2352,-2.5027,1.3999
b02,DLC1.2-a-s1,0.17,center,30,37800.0,1.6279,-0.227,1.5393
b02,DLC1.2-a-s2,0.16,center,30,37800.0,1.564,0.2237,1.5004
b02,DLC1.2-a-s3,0.16,center,30,37800.0,1.6091,0.4137,1.5517
b02,DLC1.2-a-s4,0.16,center,30,37800.0,1.5051,0.3424,1.4487
b02,DLC1.2-a-s5,0.17,center,30,37800.0,1.4911,-0.0373,1.414
b02,DLC1.2-a-s6,0.17,center,30,37800.0,1.617,0.0799,1.544
b02,DLC1.2-b-s1,0.18,center,30,45700.0,1.7716,-5.2677,1.5456
b02,DLC1.2-b-s2,0.18,center,30,45700.0,1.6686,-4.4241,1.4773
b02,DLC1.2-b-s3,0.18,center,30,45700.0,1.8681,-5.6516,1.6335
b02,DLC1.2-b-s4,0.18,center,30,45700.0,1.7097,-6.2948,1.4629
b02,DLC1.2-b-s5,0.18,center,30,45700.0,1.8347,-4.5126,1.621
b02,DLC1.2-b-s6,0.17,center,30,45700.0,1.6166,-5.6031,1.3946
b02,DLC1.2-c-s1,0.19,center,30,45040.0,1.8247,-8.3154,1.5681
b02,DLC1.2-c-s2,0.2,center,30,45040.0,1.7701,-10.6101,1.437
b02,DLC1.2-c-s3,0.19,center,30,45040.0,1.6267,-11.0606,1.3213
b02,DLC1.2-c-s4,0.22,center,30,45040.0,1.9931,-8.7523,1.6803
b02,DLC1.2-c-s5,0.19,center,30,45040.0,1.7892,-11.1196,1.4361
b02,DLC1.2-c-s6,0.2,center,30,45040.0,1.7639,-9.7421,1.4276
b02,DLC1.2-d-s1,0.19,center,30,38180.0,2.0046,-15.6495,1.5843
b02,DLC1.2-d-s2,0.19,center,30,38180.0,1.6942,-13.8757,1.4052
b02,DLC1.2-d-s3,0.18,center,30,38180.0,1.5287,-13.4656,1.2371
b02,DLC1.2-d-s4,0.19,center,30,38180.0,1.8729,-16.4894,1.5036
b02,DLC1.2-d-s5,0.2,center,30,38180.0,1.8821,-14.5887,1.477
b02,DLC1.2-d-s6,0.19,center,30,38180.0,1.6341,-15.2803,1.2627
b02,DLC1.2-e-s1,0.22,center,30,28490.0,1.8805,-21.8481,1.3046
b02,DLC1.2-e-s2,0.23,center,30,28490.0,2.1322,-22.1658,1.523
b02,DLC1.2-e-s3,0.2,center,30,28490.0,1.8896,-20.7468,1.4489
b02,DLC1.2-e-s4,0.23,center,30,28490.0,2.187,-25.3028,1.5927
b02,DLC1.2-e-s5,0.21,center,30,28490.0,2.1892,-13.3095,1.805
b02,DLC1.2-e-s6,0.21,center,30,28490.0,1.7799,-22.0353,1.2572
b02,DLC1.2-f-s1,0.28,center,30,18970.0,2.4799,-27.2115,1.7321
b02,DLC1.2-f-s2,0.27,center,30,18970.0,2.0724,-27.1896,1.4895
b02,DLC1.2-f-s3,0.28,center,30,18970.0,2.6126,-23.1974,1.7375
b02,DLC1.2-f-s4,0.27,center,30,18970.0,1.9851,-24.1449,1.2095
b02,DLC1.2-f-s5,0.26,center,30,18970.0,1.9182,-21.1103,1.2364
b02,DLC1.2-f-s6,0.3,center,30,18970.0,2.6071,-31.0967,1.6709
b02,DLC1.2-g-s1,0.34,center,30,11340.0,2.1817,-27.3384,1.2512
b02,DLC1.2-g-s2,0.34,center,30,11340.0,2.7714,-20.9776,1.9085
b02,DLC1.2-g-s3,0.34,center,30,11340.0,2.6212,-34.5428,1.3888
b02,DLC1.2-g-s4,0.34,center,30,11340.0,2.3633,-28.8823,1.3407
b02,DLC1.2-g-s5,0.36,center,30,11340.0,2.3695,-29.3087,1.3483
b02,DLC1.2-g-s6,0.35,center,30,11340.0,2.004,-26.7925,0.8837
b02,DLC1.2-h-s1,0.41,center,30,6126.0,1.9507,-23.0749,0.5777
b02,DLC1.2-h-s2,0.43,center,30,6126.0,2.899,-32.5807,1.6195
b02,DLC1.2-h-s3,0.41,center,30,6126.0,2.7968,-30.2693,1.5641
b02,DLC1.2-h-s4,0.42,center,30,6126.0,2.6437,-26.3296,1.3833
b02,DLC1.2-h-s5,0.41,center,30,6126.0,1.9994,-31.8099,0.6899
b02,DLC1.2-h-s6,0.42,center,30,6126.0,1.9272,-37.0841,0.6416
b02,DLC1.2-i-s1,0.52,center,30,2997.0,2.3281,-39.4244,0.5704
b02,DLC1.2-i-s2,0.44,center,30,2997.0,2.5199,-22.2163,1.2613
b02,DLC1.2-i-s3,0.43,center,30,2997.0,2.1928,-23.0626,0.8954
b02,DLC1.2-i-s4,0.47,center,30,2997.0,2.2917,-38.5804,0.5743
b02,DLC1.2-i-s5,0.47,center,30,2997.0,2.8342,-32.0694,0.5953
b02,DLC1.2-i-s6,0.5,center,30,2997.0,1.8313,-28.7137,0.343
b02,DLC1.2-j-s1,0.5,center,30,1332.0,2.658,-34.8126,0.2064
b02,DLC1.2-j-s2,0.54,center,30,1332.0,1.9591,-32.1022,0.0192
b02,DLC1.2-j-s3,0.53,center,30,1332.0,2.5494,-35.6347,0.3954
b02,DLC1.2-j-s4,0.52,center,30,1332.0,2.2632,-33.4717,0.4304
b02,DLC1.2-j-s5,0.56,center,30,1332.0,2.955,-21.3269,1.2685
b02,DLC1.2-j-s6,0.58,center,30,1332.0,2.4919,-32.6203,0.9927
b02,DLC1.2-k-s1,0.61,center,30,538.2,2.0524,-18.3077,0.1519
b02,DLC1.2-k-s2,0.65,center,30,538.2,1.5086,-14.3133,0.3547
b02,DLC1.2-k-s3,0.64,min_pos,30,538.2,3.0804,-12.5501,1.4521
b02,DLC1.2-k-s4,0.61,center,30,538.2,2.9474,-10.9431,1.2007
b02,DLC1.2-k-s5,0.52,center,30,538.2,1.2885,2.8298,1.5239
b02,DLC1.2-k-s6,0.58,min_pos,30,538.2,3.2709,-17.8674,1.0922
b02,DLC2.4.1-a-s1,0.33,center,3,50.0,0.8454,9.5289,2.8187
b02,DLC2.4.1-a-s2,0.37,center,3,50.0,1.002,9.92,2.9382
b02,DLC2.4.1-a-s3,0.35,center,3,50.0,1.0407,5.379,1.9965
b02,DLC2.4.1-a-s4,0.32,center,3,50.0,0.9903,1.6167,1.1337
b02,DLC2.4.1-a-s5,0.38,center,3,50.0,0.7836,10.5438,2.9591
b02,DLC2.4.1-a-s6,0.32,center,3,50.0,0.0975,10.6589,2.3471
b02,DLC2.4.1-b-s1,0.62,min_pos,3,50.0,4.3018,-11.0889,0.9417
b02,DLC2.4.1-b-s2,0.49,center,3,50.0,2.7235,-7.8689,0.4728
b02,DLC2.4.1-b-s3,0.42,min_pos,3,50.0,4.3646,-11.7416,0.9717
b02,DLC2.4.1-b-s4,0.48,center,3,50.0,2.8835,-8.3513,0.4772
b02,DLC2.4.1-b-s5,0.51,min_pos,3,50.0,3.9792,-11.7064,0.1715
b02,DLC2.4.1-b-s6,0.36,center,3,50.0,2.3547,-7.951,0.0285
b02,DLC2.4.2-a-s1,0.25,center,15,25.0,2.7676,-20.7726,1.2618
b02,DLC2.4.2-a-s2,0.19,center,15,25.0,1.8971,-2.7341,1.4906
b02,DLC2.4.2-a-s3,0.26,center,15,25.0,2.6736,-10.6949,1.519
b02,DLC2.4.2-a-s4,0.23,center,15,25.0,2.0022,-2.9942,1.5068
b02,DLC2.4.2-a-s5,0.27,center,15,25.0,2.4178,-16.2237,0.91
b02,DLC2.4.2-a-s6,0.24,center,15,25.0,2.4627,-7.1427,1.6273
b02,DLC2.4.2-b-s1,0.37,center,15,25.0,2.8102,-4.6176,1.5516
b02,DLC2.4.2-b-s2,0.5,center,15,25.0,2.4205,-7.0387,0.585
b02,DLC2.4.2-b-s3,0.41,center,15,25.0,2.4538,-7.8446,0.7153
b02,DLC2.4.2-b-s4,0.41,center,15,25.0,2.8298,-4.74,1.4992
b02,DLC2.4.2-b-s5,0.37,center,15,25.0,2.664,-2.3501,1.7797
b02,DLC2.4.2-b-s6,0.27,center,15,25.0,2.8316,-4.0249,1.6079
b02,DLC4.1-a-y1,0.16,center,10,10000.0,1.5825,0.9326,1.4752
b02,DLC4.1-a-y2,0.16,center,10,10000.0,1.5532,0.9704,1.4578
b02,DLC4.1-a-y3,0.16,center,10,10000.0,1.5352,1.0363,1.4541
b02,DLC4.1-b-y1,0.27,center,10,500.0,1.8738,-1.5353,1.4144
b02,DLC4.1-b-y2,0.28,center,10,500.0,2.0037,-1.4669,1.5556
b02,DLC4.1-b-y3,0.27,center,10,500.0,1.9348,-0.9278,1.5817
b02,DLC4.1-c-y1,0.24,center,10,500.0,2.3545,-1.9147,1.5859
b02,DLC4.1-c-y2,0.31,center,10,500.0,2.5153,-3.6136,1.4626
b02,DLC4.1-c-y3,0.48,min_pos,10,500.0,3.3383,-8.7923,0.9594
b02,DLC6.4-a-s1,3.0,center,30,24340.0,0.1424,0.1799,0.1487
b02,DLC6.4-a-s2,3.0,center,30,24340.0,0.5733,0.6026,0.5783
b02,DLC6.4-a-s3,3.0,center,30,24340.0,0.4436,0.5706,0.4649
b02,DLC6.4-a-s4,3.0,center,30,24340.0,0.5596,0.6639,0.5771
b02,DLC6.4-a-s5,3.0,center,30,24340.0,0.2269,0.2705,0.2343
b02,DLC6.4-a-s6,3.0,center,30,24340.0,0.5328,0.6055,0.545
b02,DLC6.4-b-s1,0.28,center,30,292.4,2.4439,-3.6663,1.3349
b02,DLC6.4-b-s2,0.28,center,30,292.4,2.7115,-4.3187,1.4183
b02,DLC6.4-b-s3,0.22,center,30,292.4,2.2287,-2.4121,1.4091
b02,DLC6.4-b-s4,0.39,center,30,292.4,2.3445,-7.9867,0.2978
b02,DLC6.4-b-s5,0.51,min_pos,30,292.4,4.1857,-10.2561,1.0114
b02,DLC6.4-b-s6,0.24,center,30,292.4,2.1806,-2.6372,1.332
b03,DLC1.2-a-s1,0.17,center,30,37800.0,1.6277,-0.2281,1.5391
b03,DLC1.2-a-s2,0.16,center,30,37800.0,1.564,0.2229,1.5003
b03,DLC1.2-a-s3,0.16,center,30,37800.0,1.6091,0.4131,1.5517
b03,DLC1.2-a-s4,0.16,center,30,37800.0,1.5051,0.3419,1.4487
b03,DLC1.2-a-s5,0.17,center,30,37800.0,1.491,-0.0383,1.4138
b03,DLC1.2-a-s6,0.17,center,30,37800.0,1.617,0.0788,1.5438
b03,DLC1.2-b-s1,0.18,center,30,45700.0,1.7711,-5.2685,1.545
b03,DLC1.2-b-s2,0.18,center,30,45700.0,1.6682,-4.4241,1.4769
b03,DLC1.2-b-s3,0.18,center,30,45700.0,1.8676,-5.653,1.6328
b03,DLC1.2-b-s4,0.18,center,30,45700.0,1.7091,-6.2973,1.4622
b03,DLC1.2-b-s5,0.18,center,30,45700.0,1.8342,-4.5144,1.6205
b03,DLC1.2-b-s6,0.17,center,30,45700.0,1.6161,-5.6037,1.3941
b03,DLC1.2-c-s1,0.19,center,30,45040.0,1.8234,-8.3204,1.5667
b03,DLC1.2-c-s2,0.2,center,30,45040.0,1.7693,-10.6148,1.4359
b03,DLC1.2-c-s3,0.19,center,30,45040.0,1.6256,-11.0648,1.32
b03,DLC1.2-c-s4,0.22,center,30,45040.0,1.991,-8.756,1.678
b03,DLC1.2-c-s5,0.19,center,30,45040.0,1.7877,-11.1258,1.4344
b03,DLC1.2-c-s6,0.2,center,30,45040.0,1.7628,-9.7475,1.4264
b03,DLC1.2-d-s1,0.19,center,30,38180.0,2.0029,-15.6599,1.5823
b03,DLC1.2-d-s2,0.19,center,30,38180.0,1.6926,-13.8832,1.4034
b03,DLC1.2-d-s3,0.18,center,30,38180.0,1.5271,-13.474,1.2353
b03,DLC1.2-d-s4,0.19,center,30,38180.0,1.871,-16.5007,1.5014
b03,DLC1.2-d-s5,0.2,center,30,38180.0,1.8802,-14.5976,1.4749
b03,DLC1.2-d-s6,0.19,center,30,38180.0,1.632,-15.289,1.2605
b03,DLC1.2-e-s1,0.22,center,30,28490.0,1.877,-21.8613,1.3008
b03,DLC1.2-e-s2,0.23,center,30,28490.0,2.1283,-22.1793,1.5188
b03,DLC1.2-e-s3,0.2,center,30,28490.0,1.887,-20.7584,1.4461
b03,DLC1.2-e-s4,0.23,center,30,28490.0,2.1834,-25.3185,1.5888
b03,DLC1.2-e-s5,0.21,center,30,28490.0,2.1871,-13.3176,1.8027
b03,DLC1.2-e-s6,0.21,center,30,28490.0,1.7771,-22.0474,1.2541
b03,DLC1.2-f-s1,0.28,center,30,18970.0,2.4744,-27.2278,1.7263
b03,DLC1.2-f-s2,0.27,center,30,18970.0,2.0666,-27.2052,1.4835
b03,DLC1.2-f-s3,0.28,center,30,18970.0,2.6071,-23.2113,1.7316
b03,DLC1.2-f-s4,0.27,center,30,18970.0,1.9804,-24.1559,1.2044
b03,DLC1.2-f-s5,0.26,center,30,18970.0,1.9143,-21.1205,1.2322
b03,DLC1.2-f-s6,0.3,center,30,18970.0,2.6001,-31.1158,1.6635
b03,DLC1.2-g-s1,0.34,center,30,11340.0,2.1746,-27.3557,1.2438
b03,DLC1.2-g-s2,0.34,center,30,11340.0,2.7646,-20.9899,1.9015
b03,DLC1.2-g-s3,0.34,center,30,11340.0,2.6134,-34.5615,1.3803
b03,DLC1.2-g-s4,0.34,center,30,11340.0,2.3562,-28.8995,1.3332
b03,DLC1.2-g-s5,0.36,center,30,11340.0,2.3622,-29.3253,1.3407
b03,DLC1.2-g-s6,0.35,center,30,11340.0,1.9961,-26.8072,0.8753
b03,DLC1.2-h-s1,0.41,center,30,6126.0,1.9445,-23.083,0.5712
b03,DLC1.2-h-s2,0.43,center,30,6126.0,2.8909,-32.5986,1.611
b03,DLC1.2-h-s3,0.41,center,30,6126.0,2.7882,-30.2876,1.5552
b03,DLC1.2-h-s4,0.42,center,30,6126.0,2.6367,-26.3416,1.376
b03,DLC1.2-h-s5,0.41,center,30,6126.0,1.9913,-31.8278,0.6813
b03,DLC1.2-h-s6,0.42,center,30,6126.0,1.9169,-37.1077,0.6309
b03,DLC1.2-i-s1,0.52,center,30,2997.0,2.3173,-39.4464,0.5591
b03,DLC1.2-i-s2,0.44,center,30,2997.0,2.5133,-22.2277,1.2543
b03,DLC1.2-i-s3,0.43,center,30,2997.0,2.1884,-23.0669,0.8907
b03,DLC1.2-i-s4,0.47,center,30,2997.0,2.2821,-38.603,0.5643
b03,DLC1.2-i-s5,0.47,center,30,2997.0,2.8226,-32.0902,0.5828
b03,DLC1.2-i-s6,0.5,center,30,2997.0,1.8243,-28.7296,0.3355
b03,DLC1.2-j-s1,0.5,center,30,1332.0,2.647,-34.8379,0.1947
b03,DLC1.2-j-s2,0.54,center,30,1332.0,1.9453,-32.1315,0.0049
b03,DLC1.2-j-s3,0.53,center,30,1332.0,2.5372,-35.6631,0.3824
b03,DLC1.2-j-s4,0.52,center,30,1332.0,2.2529,-33.4993,0.4195
b03,DLC1.2-j-s5,0.56,center,30,1332.0,2.9421,-21.3513,1.2549
b03,DLC1.2-j-s6,0.58,center,30,1332.0,2.4825,-32.6427,0.9829
b03,DLC1.2-k-s1,0.61,center,30,538.2,2.0392,-18.3352,0.1376
b03,DLC1.2-k-s2,0.65,center,30,538.2,1.4924,-14.3498,0.3374
b03,DLC1.2-k-s3,0.64,min_pos,30,538.2,3.0669,-12.5794,1.4372
b03,DLC1.2-k-s4,0.61,center,30,538.2,2.9353,-10.9663,1.1872
b03,DLC1.2-k-s5,0.52,center,30,538.2,1.2813,2.8296,1.5178
b03,DLC1.2-k-s6,0.58,min_pos,30,538.2,3.259,-17.8961,1.0789
b03,DLC2.4.1-a-s1,0.33,center,3,50.0,0.8423,9.5311,2.8169
b03,DLC2.4.1-a-s2,0.37,center,3,50.0,1.0091,9.9359,2.9474
b03,DLC2.4.1-a-s3,0.35,center,3,50.0,1.0374,5.3861,1.9956
b03,DLC2.4.1-a-s4,0.32,center,3,50.0,0.9988,1.638,1.1451
b03,DLC2.4.1-a-s5,0.38,center,3,50.0,0.781,10.5607,2.961
b03,DLC2.4.1-a-s6,0.32,center,3,50.0,0.0895,10.6676,2.3427
b03,DLC2.4.1-b-s1,0.62,min_pos,3,50.0,4.2996,-11.0641,0.9453
b03,DLC2.4.1-b-s2,0.49,center,3,50.0,2.743,-7.839,0.4945
b03,DLC2.4.1-b-s3,0.42,min_pos,3,50.0,4.389,-11.6865,1.0023
b03,DLC2.4.1-b-s4,0.48,center,3,50.0,2.8879,-8.3285,0.4854
b03,DLC2.4.1-b-s5,0.51,min_pos,3,50.0,3.971,-11.7025,0.1658
b03,DLC2.4.1-b-s6,0.36,center,3,50.0,2.3647,-7.9224,0.0425
b03,DLC2.4.2-a-s1,0.25,center,15,25.0,2.7665,-20.7448,1.2607
b03,DLC2.4.2-a-s2,0.19,center,15,25.0,1.8947,-2.7316,1.4881
b03,DLC2.4.2-a-s3,0.26,center,15,25.0,2.662,-10.6977,1.5066
b03,DLC2.4.2-a-s4,0.23,center,15,25.0,1.9992,-2.993,1.5035
b03,DLC2.4.2-a-s5,0.27,center,15,25.0,2.4116,-16.2253,0.9025
b03,DLC2.4.2-a-s6,0.24,center,15,25.0,2.4587,-7.1421,1.6224
b03,DLC2.4.2-b-s1,0.37,center,15,25.0,2.8157,-4.6101,1.557
b03,DLC2.4.2-b-s2,0.5,center,15,25.0,2.4215,-7.0381,0.5855
b03,DLC2.4.2-b-s3,0.41,center,15,25.0,2.4523,-7.8423,0.7137
b03,DLC2.4.2-b-s4,0.41,center,15,25.0,2.8364,-4.7308,1.5058
b03,DLC2.4.2-b-s5,0.37,center,15,25.0,2.6869,-2.3266,1.8025
b03,DLC2.4.2-b-s6,0.27,center,15,25.0,2.8454,-4.0026,1.623
b03,DLC4.1-a-y1,0.16,center,10,10000.0,1.5834,0.9351,1.4764
b03,DLC4.1-a-y2,0.16,center,10,10000.0,1.5541,0.9728,1.4589
b03,DLC4.1-a-y3,0.16,center,10,10000.0,1.5359,1.0383,1.455
b03,DLC4.1-b-y1,0.27,center,10,500.0,1.8723,-1.5381,1.4125
b03,DLC4.1-b-y2,0.28,center,10,500.0,2.0016,-1.4699,1.5531
b03,DLC4.1-b-y3,0.27,center,10,500.0,1.9331,-0.9305,1.5796
b03,DLC4.1-c-y1,0.24,center,10,500.0,2.3501,-1.9194,1.5813
b03,DLC4.1-c-y2,0.31,center,10,500.0,2.5099,-3.6184,1.457
b03,DLC4.1-c-y3,0.48,min_pos,10,500.0,3.3317,-8.7954,0.953
b03,DLC6.4-a-s1,3.0,center,30,24340.0,0.1425,0.1799,0.1488
b03,DLC6.4-a-s2,3.0,center,30,24340.0,0.5734,0.6026,0.5783
b03,DLC6.4-a-s3,3.0,center,30,24340.0,0.4436,0.5707,0.465
b03,DLC6.4-a-s4,3.0,center,30,24340.0,0.5596,0.6639,0.5771
b03,DLC6.4-a-s5,3.0,center,30,24340.0,0.227,0.2706,0.2343
b03,DLC6.4-a-s6,3.0,center,30,24340.0,0.5329,0.6055,0.5451
b03,DLC6.4-b-s1,0.28,center,30,292.4,2.4429,-3.6658,1.3339
b03,DLC6.4-b-s2,0.28,center,30,292.4,2.7103,-4.3182,1.4172
b03,DLC6.4-b-s3,0.22,center,30,292.4,2.2281,-2.4117,1.4085
b03,DLC6.4-b-s4,0.39,center,30,292.4,2.3424,-7.9866,0.2956
b03,DLC6.4-b-s5,0.51,min_pos,30,292.4,4.1841,-10.256,1.0096
b03,DLC6.4-b-s6,0.24,center,30,292.4,2.1799,-2.6366,1.3313
b04,DLC1.2-a-s1,0.17,center,30,37800.0,1.6293,-0.115,1.5431
b04,DLC1.2-a-s2,0.16,center,30,37800.0,1.5653,0.3801,1.507
b04,DLC1.2-a-s3,0.16,center,30,37800.0,1.6101,0.4754,1.5536
b04,DLC1.2-a-s4,0.16,center,30,37800.0,1.5061,0.4117,1.4511
b04,DLC1.2-a-s5,0.17,center,30,37800.0,1.4929,0.1932,1.4251
b04,DLC1.2-a-s6,0.17,center,30,37800.0,1.6186,0.2357,1.5505
b04,DLC1.2-b-s1,0.18,center,30,45700.0,1.773,-5.7859,1.5393
b04,DLC1.2-b-s2,0.18,center,30,45700.0,1.6703,-4.1165,1.4938
b04,DLC1.2-b-s3,0.18,center,30,45700.0,1.8675,-5.1875,1.652
b04,DLC1.2-b-s4,0.18,center,30,45700.0,1.7107,-5.8626,1.4857
b04,DLC1.2-b-s5,0.18,center,30,45700.0,1.8354,-4.2953,1.6347
b04,DLC1.2-b-s6,0.17,center,30,45700.0,1.6177,-5.4469,1.4069
b04,DLC1.2-c-s1,0.19,center,30,45040.0,1.5571,-8.7165,1.302
b04,DLC1.2-c-s2,0.2,center,30,45040.0,1.65,-11.1327,1.3118
b04,DLC1.2-c-s3,0.2,center,30,45040.0,1.9367,-10.5556,1.6419
b04,DLC1.2-c-s4,0.22,center,30,45040.0,1.9651,-9.1445,1.6499
b04,DLC1.2-c-s5,0.19,center,30,45040.0,1.6818,-11.6137,1.3272
b04,DLC1.2-c-s6,0.21,center,30,45040.0,1.9974,-9.2518,1.6735
b04,DLC1.2-d-s1,0.19,center,30,38180.0,1.8445,-16.1927,1.3947
b04,DLC1.2-d-s2,0.19,center,30,38180.0,1.5613,-14.365,1.2538
b04,DLC1.2-d-s3,0.19,center,30,38180.0,1.8716,-12.8902,1.5726
b04,DLC1.2-d-s4,0.19,center,30,38180.0,1.6114,-17.0606,1.2203
b04,DLC1.2-d-s5,0.2,center,30,38180.0,1.7253,-15.0567,1.2929
b04,DLC1.2-d-s6,0.2,center,30,38180.0,1.9251,-14.8069,1.542
b04,DLC1.2-e-s1,0.23,center,30,28490.0,2.1589,-21.3645,1.5604
b04,DLC1.2-e-s2,0.24,center,30,28490.0,2.431,-21.7102,1.7974
b04,DLC1.2-e-s3,0.2,center,30,28490.0,1.6772,-21.4347,1.2079
b04,DLC1.2-e-s4,0.23,center,30,28490.0,1.8942,-26.0908,1.2591
b04,DLC1.2-e-s5,0.21,center,30,28490.0,1.9782,-13.7282,1.5698
b04,DLC1.2-e-s6,0.22,center,30,28490.0,2.0925,-21.5927,1.5487
b04,DLC1.2-f-s1,0.29,center,30,18970.0,2.4833,-26.8364,1.726
b04,DLC1.2-f-s2,0.28,center,30,18970.0,1.9296,-26.695,1.3435
b04,DLC1.2-f-s3,0.29,center,30,18970.0,2.3312,-22.6531,1.4601
b04,DLC1.2-f-s4,0.28,center,30,18970.0,2.2088,-23.5044,1.4208
b04,DLC1.2-f-s5,0.27,center,30,18970.0,2.3179,-20.5098,1.6202
b04,DLC1.2-f-s6,0.31,center,30,18970.0,2.691,-30.7593,1.7342
b04,DLC1.2-g-s1,0.35,center,30,11340.0,2.6066,-26.8383,1.679
b04,DLC1.2-g-s2,0.35,center,30,11340.0,1.8835,-20.2623,1.0734
b04,DLC1.2-g-s3,0.35,center,30,11340.0,2.2106,-34.1824,0.9958
b04,DLC1.2-g-s4,0.35,center,30,11340.0,2.3126,-28.4742,1.3138
b04,DLC1.2-g-s5,0.37,center,30,11340.0,2.7067,-28.8816,1.6922
b04,DLC1.2-g-s6,0.36,center,30,11340.0,2.0893,-26.178,1.0004
b04,DLC1.2-h-s1,0.41,center,30,6126.0,2.3595,-23.7078,0.956
b04,DLC1.2-h-s2,0.43,center,30,6126.0,2.953,-33.5917,1.665
b04,DLC1.2-h-s3,0.41,center,30,6126.0,2.0101,-31.2939,0.7926
b04,DLC1.2-h-s4,0.42,center,30,6126.0,2.0958,-27.2024,0.8439
b04,DLC1.2-h-s5,0.41,center,30,6126.0,2.4342,-32.8182,1.0971
b04,DLC1.2-h-s6,0.42,center,30,6126.0,2.0024,-38.1894,0.7127
b04,DLC1.2-i-s1,0.52,center,30,2997.0,2.8642,-40.6537,1.0808
b04,DLC1.2-i-s2,0.44,center,30,2997.0,2.306,-22.9618,1.042
b04,DLC1.2-i-s3,0.43,center,30,2997.0,2.5765,-23.7017,1.2588
b04,DLC1.2-i-s4,0.47,center,30,2997.0,2.1091,-39.395,0.3904
b04,DLC1.2-i-s5,0.47,center,30,2997.0,2.4625,-32.6031,0.2285
b04,DLC1.2-i-s6,0.5,center,30,2997.0,2.0209,-29.5082,0.5069
b04,DLC1.2-j-s1,0.51,min_pos,30,1332.0,3.7113,-33.9941,1.257
b04,DLC1.2-j-s2,0.54,center,30,1332.0,2.1691,-32.6059,0.209
b04,DLC1.2-j-s3,0.53,center,30,1332.0,2.3261,-36.457,0.1723
b04,DLC1.2-j-s4,0.52,min_pos,30,1332.0,3.0624,-34.3855,1.1785
b04,DLC1.2-j-s5,0.56,center,30,1332.0,2.6904,-21.8724,0.9958
b04,DLC1.2-j-s6,0.58,center,30,1332.0,2.0354,-33.8268,0.5363
b04,DLC1.2-k-s1,0.62,min_pos,30,538.2,3.1031,-16.5886,1.2718
b04,DLC1.2-k-s2,0.66,center,30,538.2,2.2279,-12.039,1.1841
b04,DLC1.2-k-s3,0.64,center,30,538.2,2.4978,-12.901,0.9003
b04,DLC1.2-k-s4,0.61,center,30,538.2,2.3915,-11.3286,0.6762
b04,DLC1.2-k-s5,0.52,center,30,538.2,1.0378,2.9125,1.3274
b04,DLC1.2-k-s6,0.58,min_pos,30,538.2,3.0247,-18.2601,0.8235
b04,DLC2.4.1-a-s1,0.32,center,3,50.0,0.1277,7.7657,1.846
b04,DLC2.4.1-a-s2,0.36,center,3,50.0,0.5065,8.4704,2.2285
b04,DLC2.4.1-a-s3,0.35,center,3,50.0,1.0395,5.1524,1.9412
b04,DLC2.4.1-a-s4,0.32,center,3,50.0,1.1556,1.8202,1.3065
b04,DLC2.4.1-a-s5,0.37,center,3,50.0,0.1579,9.2189,2.1629
b04,DLC2.4.1-a-s6,0.32,center,3,50.0,0.2622,10.5481,2.4346
b04,DLC2.4.1-b-s1,0.61,min_pos,3,50.0,3.4044,-11.0964,0.261
b04,DLC2.4.1-b-s2,0.48,center,3,50.0,2.1873,-7.7765,0.0861
b04,DLC2.4.1-b-s3,0.41,min_pos,3,50.0,3.2836,-11.8985,0.1072
b04,DLC2.4.1-b-s4,0.48,min_pos,3,50.0,3.0837,-7.45,0.8433
b04,DLC2.4.1-b-s5,0.51,min_pos,3,50.0,3.9944,-11.3588,0.2845
b04,DLC2.4.1-b-s6,0.36,center,3,50.0,2.693,-6.9404,0.5341
b04,DLC2.4.2-a-s1,0.25,center,15,25.0,2.8425,-19.5207,1.3022
b04,DLC2.4.2-a-s2,0.19,center,15,25.0,1.803,-2.4283,1.4076
b04,DLC2.4.2-a-s3,0.27,center,15,25.0,2.871,-10.001,1.6895
b04,DLC2.4.2-a-s4,0.23,center,15,25.0,1.8363,-2.8701,1.3431
b04,DLC2.4.2-a-s5,0.28,center,15,25.0,2.763,-14.9883,1.2311
b04,DLC2.4.2-a-s6,0.24,center,15,25.0,2.231,-6.9371,1.3817
b04,DLC2.4.2-b-s1,0.37,center,15,25.0,2.9919,-4.3207,1.7462
b04,DLC2.4.2-b-s2,0.5,center,15,25.0,2.5344,-6.8606,0.7044
b04,DLC2.4.2-b-s3,0.41,center,15,25.0,2.5112,-7.6422,0.7881
b04,DLC2.4.2-b-s4,0.4,center,15,25.0,2.2713,-5.1471,0.9637
b04,DLC2.4.2-b-s5,0.36,center,15,25.0,2.0197,-2.9843,1.1335
b04,DLC2.4.2-b-s6,0.26,center,15,25.0,2.5811,-4.1542,1.3763
b04,DLC4.1-a-y1,0.16,center,10,10000.0,1.5766,0.9788,1.4784
b04,DLC4.1-a-y2,0.16,center,10,10000.0,1.5465,1.0104,1.4591
b04,DLC4.1-a-y3,0.16,center,10,10000.0,1.5266,1.0676,1.4522
b04,DLC4.1-b-y1,0.27,center,10,500.0,2.0006,-1.5703,1.5087
b04,DLC4.1-b-y2,0.27,center,10,500.0,1.8928,-1.7027,1.4172
b04,DLC4.1-b-y3,0.26,center,10,500.0,1.8378,-1.1711,1.4559
b04,DLC4.1-c-y1,0.24,center,10,500.0,2.2621,-1.9294,1.5083
b04,DLC4.1-c-y2,0.31,center,10,500.0,2.4415,-3.6174,1.3991
b04,DLC4.1-c-y3,0.48,min_pos,10,500.0,3.3343,-8.7299,0.9609
b04,DLC6.4-a-s1,3.0,center,30,24340.0,0.1408,0.184,0.148
b04,DLC6.4-a-s2,3.0,center,30,24340.0,0.5721,0.6057,0.5777
b04,DLC6.4-a-s3,3.0,center,30,24340.0,0.4413,0.5725,0.4634
b04,DLC6.4-a-s4,3.0,center,30,24340.0,0.5576,0.6658,0.5758
b04,DLC6.4-a-s5,3.0,center,30,24340.0,0.2256,0.2731,0.2336
b04,DLC6.4-a-s6,3.0,center,30,24340.0,0.5312,0.6078,0.5441
b04,DLC6.4-b-s1,0.28,center,30,292.4,2.5028,-3.5552,1.4018
b04,DLC6.4-b-s2,0.28,center,30,292.4,2.7822,-4.1902,1.4982
b04,DLC6.4-b-s3,0.22,center,30,292.4,2.2715,-2.3317,1.4574
b04,DLC6.4-b-s4,0.39,center,30,292.4,2.4496,-7.8262,0.4112
b04,DLC6.4-b-s5,0.5,min_pos,30,292.4,3.187,-11.1683,0.0336
b04,DLC6.4-b-s6,0.24,center,30,292.4,2.2318,-2.5371,1.3909
b05,DLC1.2-a-s1,0.17,center,30,37800.0,1.6147,0.1094,1.5158
b05,DLC1.2-a-s2,0.16,center,30,37800.0,1.5605,0.6008,1.4977
b05,DLC1.2-a-s3,0.16,center,30,37800.0,1.6062,0.6923,1.5457
b05,DLC1.2-a-s4,0.16,center,30,37800.0,1.5032,0.6356,1.4453
b05,DLC1.2-a-s5,0.17,center,30,37800.0,1.4843,0.3922,1.409
b05,DLC1.2-a-s6,0.17,center,30,37800.0,1.6104,0.4546,1.5345
b05,DLC1.2-b-s1,0.18,center,30,45700.0,1.7414,-2.1798,1.5736
b05,DLC1.2-b-s2,0.18,center,30,45700.0,1.6453,-1.6487,1.5038
b05,DLC1.2-b-s3,0.18,center,30,45700.0,1.837,-2.3764,1.6584
b05,DLC1.2-b-s4,0.18,center,30,45700.0,1.6742,-2.6677,1.4935
b05,DLC1.2-b-s5,0.17,center,30,45700.0,1.5056,-2.1752,1.3444
b05,DLC1.2-b-s6,0.17,center,30,45700.0,1.5867,-2.1147,1.4335
b05,DLC1.2-c-s1,0.19,center,30,45040.0,1.7412,-9.6071,1.4671
b05,DLC1.2-c-s2,0.21,center,30,45040.0,2.0858,-11.4071,1.7272
b05,DLC1.2-c-s3,0.2,center,30,45040.0,1.7706,-10.6715,1.4585
b05,DLC1.2-c-s4,0.21,center,30,45040.0,1.994,-11.4645,1.647
b05,DLC1.2-c-s5,0.2,center,30,45040.0,2.0873,-11.913,1.7315
b05,DLC1.2-c-s6,0.21,center,30,45040.0,2.0001,-10.5899,1.6504
b05,DLC1.2-d-s1,0.24,center,30,38180.0,2.1292,-12.2372,1.58
b05,DLC1.2-d-s2,0.22,center,30,38180.0,1.7653,-13.0011,1.3475
b05,DLC1.2-d-s3,0.23,center,30,38180.0,1.7389,-9.8236,1.3817
b05,DLC1.2-d-s4,0.23,center,30,38180.0,1.9662,-14.2727,1.4622
b05,DLC1.2-d-s5,0.25,center,30,38180.0,2.0964,-10.8047,1.5872
b05,DLC1.2-d-s6,0.23,center,30,38180.0,1.766,-13.2156,1.2764
b05,DLC1.2-e-s1,0.27,center,30,28490.0,1.9849,-18.2599,1.2149
b05,DLC1.2-e-s2,0.29,center,30,28490.0,2.2313,-17.5394,1.4642
b05,DLC1.2-e-s3,0.25,center,30,28490.0,1.7822,-18.0486,1.2226
b05,DLC1.2-e-s4,0.28,center,30,28490.0,2.2809,-21.8181,1.4154
b05,DLC1.2-e-s5,0.25,center,30,28490.0,2.3176,-10.4631,1.8155
b05,DLC1.2-e-s6,0.27,center,30,28490.0,2.1137,-17.5571,1.4491
b05,DLC1.2-f-s1,0.32,center,30,18970.0,2.0623,-25.4292,1.2168
b05,DLC1.2-f-s2,0.3,center,30,18970.0,1.9937,-26.267,1.2986
b05,DLC1.2-f-s3,0.33,center,30,18970.0,2.3456,-19.2527,1.436
b05,DLC1.2-f-s4,0.31,center,30,18970.0,2.0556,-21.347,1.1931
b05,DLC1.2-f-s5,0.31,center,30,18970.0,2.1313,-17.2906,1.3986
b05,DLC1.2-f-s6,0.34,center,30,18970.0,2.6922,-29.3175,1.5554
b05,DLC1.2-g-s1,0.35,center,30,11340.0,2.7777,-29.5254,1.693
b05,DLC1.2-g-s2,0.34,center,30,11340.0,2.5989,-24.0521,1.5826
b05,DLC1.2-g-s3,0.35,center,30,11340.0,2.1794,-37.2962,0.7737
b05,DLC1.2-g-s4,0.35,center,30,11340.0,2.407,-31.6029,1.2523
b05,DLC1.2-g-s5,0.36,center,30,11340.0,2.2642,-33.7975,1.0552
b05,DLC1.2-g-s6,0.36,center,30,11340.0,2.8573,-28.9232,1.6144
b05,DLC1.2-h-s1,0.4,center,30,6126.0,2.0288,-28.0428,0.3378
b05,DLC1.2-h-s2,0.42,center,30,6126.0,1.9516,-37.3336,0.4973
b05,DLC1.2-h-s3,0.4,center,30,6126.0,1.9999,-36.5564,0.5175
b05,DLC1.2-h-s4,0.41,center,30,6126.0,2.6722,-32.3138,1.1339
b05,DLC1.2-h-s5,0.41,center,30,6126.0,2.7229,-35.6671,1.2387
b05,DLC1.2-h-s6,0.42,center,30,6126.0,1.896,-42.2115,0.38
b05,DLC1.2-i-s1,0.52,min_pos,30,2997.0,3.013,-44.0113,0.9452
b05,DLC1.2-i-s2,0.42,center,30,2997.0,1.7608,-28.9183,0.122
b05,DLC1.2-i-s3,0.42,center,30,2997.0,2.3234,-29.0809,0.673
b05,DLC1.2-i-s4,0.48,center,30,2997.0,2.8705,-39.2375,0.8463
b05,DLC1.2-i-s5,0.48,min_pos,30,2997.0,3.5493,-30.8552,1.0236
b05,DLC1.2-i-s6,0.51,center,30,2997.0,2.9588,-30.2144,1.1861
b05,DLC1.2-j-s1,0.5,min_pos,30,1332.0,3.4022,-36.9751,0.225
b05,DLC1.2-j-s2,0.56,center,30,1332.0,2.8361,-26.8232,0.8082
b05,DLC1.2-j-s3,0.54,min_pos,30,1332.0,3.4848,-35.3527,0.9618
b05,DLC1.2-j-s4,0.52,min_pos,30,1332.0,3.8499,-35.8642,1.4958
b05,DLC1.2-j-s5,0.57,min_pos,30,1332.0,3.3387,-19.9143,1.4455
b05,DLC1.2-j-s6,0.59,center,30,1332.0,1.8225,-33.6111,0.1048
b05,DLC1.2-k-s1,0.64,center,30,538.2,2.9128,-10.4915,1.3685
b05,DLC1.2-k-s2,0.69,center,30,538.2,1.6787,-0.7753,1.441
b05,DLC1.2-k-s3,0.66,center,30,538.2,1.7908,-6.3889,0.7728
b05,DLC1.2-k-s4,0.63,center,30,538.2,2.2083,-6.4763,0.9657
b05,DLC1.2-k-s5,0.53,center,30,538.2,0.1934,4.3661,0.9846
b05,DLC1.2-k-s6,0.6,min_pos,30,538.2,3.4027,-12.336,1.3396
b05,DLC2.4.1-a-s1,0.32,center,3,50.0,0.9527,4.4991,1.7299
b05,DLC2.4.1-a-s2,0.34,center,3,50.0,0.8935,3.3489,1.4238
b05,DLC2.4.1-a-s3,0.35,center,3,50.0,0.8187,2.3079,1.1426
b05,DLC2.4.1-a-s4,0.31,center,3,50.0,2.6581,-0.982,1.85
b05,DLC2.4.1-a-s5,0.36,center,3,50.0,0.7885,5.3956,1.7946
b05,DLC2.4.1-a-s6,0.3,center,3,50.0,0.002,5.9866,1.2405
b05,DLC2.4.1-b-s1,0.61,min_pos,3,50.0,3.2306,-8.9279,0.5884
b05,DLC2.4.1-b-s2,0.49,center,3,50.0,2.9435,-4.8826,1.2862
b05,DLC2.4.1-b-s3,0.41,min_pos,3,50.0,3.0749,-9.4654,0.444
b05,DLC2.4.1-b-s4,0.48,center,3,50.0,2.9514,-5.2853,1.1993
b05,DLC2.4.1-b-s5,0.51,min_pos,3,50.0,3.7163,-11.3133,0.0402
b05,DLC2.4.1-b-s6,0.36,center,3,50.0,2.3595,-5.4514,0.6089
b05,DLC2.4.2-a-s1,0.25,center,15,25.0,2.8325,-15.8599,0.9476
b05,DLC2.4.2-a-s2,0.19,center,15,25.0,2.0892,-1.844,1.6183
b05,DLC2.4.2-a-s3,0.31,center,15,25.0,2.7273,-7.2854,1.5498
b05,DLC2.4.2-a-s4,0.26,center,15,25.0,1.9073,-1.4718,1.4738
b05,DLC2.4.2-a-s5,0.31,center,15,25.0,2.5906,-10.6421,1.0828
b05,DLC2.4.2-a-s6,0.28,center,15,25.0,2.5186,-4.6273,1.6836
b05,DLC2.4.2-b-s1,0.37,center,15,25.0,2.9229,-4.2236,1.6286
b05,DLC2.4.2-b-s2,0.5,center,15,25.0,2.2974,-6.7218,0.4498
b05,DLC2.4.2-b-s3,0.41,center,15,25.0,2.2046,-7.6295,0.4694
b05,DLC2.4.2-b-s4,0.41,center,15,25.0,2.8586,-3.9173,1.6211
b05,DLC2.4.2-b-s5,0.37,center,15,25.0,2.0952,-2.2713,1.2861
b05,DLC2.4.2-b-s6,0.26,center,15,25.0,2.4672,-4.6145,1.1382
b05,DLC4.1-a-y1,0.16,center,10,10000.0,1.5807,1.1417,1.5081
b05,DLC4.1-a-y2,0.16,center,10,10000.0,1.5507,1.1554,1.4857
b05,DLC4.1-a-y3,0.16,center,10,10000.0,1.5321,1.1929,1.4767
b05,DLC4.1-b-y1,0.24,center,10,500.0,2.0284,-1.7923,1.4552
b05,DLC4.1-b-y2,0.25,center,10,500.0,2.0388,-1.7176,1.4951
b05,DLC4.1-b-y3,0.24,center,10,500.0,2.0033,-1.2836,1.5404
b05,DLC4.1-c-y1,0.24,center,10,500.0,2.2795,-1.3873,1.6041
b05,DLC4.1-c-y2,0.31,center,10,500.0,2.3229,-3.4645,1.2934
b05,DLC4.1-c-y3,0.48,center,10,500.0,2.9498,-8.9709,0.5139
b05,DLC6.4-a-s1,3.0,center,30,24340.0,0.1477,0.2254,0.1612
b05,DLC6.4-a-s2,3.0,center,30,24340.0,0.5774,0.6376,0.5878
b05,DLC6.4-a-s3,3.0,center,30,24340.0,0.4506,0.6071,0.4777
b05,DLC6.4-a-s4,3.0,center,30,24340.0,0.5657,0.6981,0.5887
b05,DLC6.4-a-s5,3.0,center,30,24340.0,0.2311,0.3018,0.2433
b05,DLC6.4-a-s6,3.0,center,30,24340.0,0.538,0.6389,0.5555
b05,DLC6.4-b-s1,0.29,center,30,292.4,2.8774,-3.0048,1.7768
b05,DLC6.4-b-s2,0.28,center,30,292.4,2.5771,-4.3047,1.2741
b05,DLC6.4-b-s3,0.22,center,30,292.4,2.1439,-2.438,1.3096
b05,DLC6.4-b-s4,0.4,min_pos,30,292.4,3.0139,-7.1035,0.9445
b05,DLC6.4-b-s5,0.51,min_pos,30,292.4,3.8299,-10.2336,0.6454
b05,DLC6.4-b-s6,0.25,center,30,292.4,2.567,-2.0485,1.7302
b06,DLC1.2-a-s1,0.17,center,30,37800.0,1.6235,0.1589,1.5256
b06,DLC1.2-a-s2,0.16,center,30,37800.0,1.5632,0.6411,1.5018
b06,DLC1.2-a-s3,0.16,center,30,37800.0,1.6084,0.7327,1.5494
b06,DLC1.2-a-s4,0.16,center,30,37800.0,1.5048,0.6753,1.4485
b06,DLC1.2-a-s5,0.17,center,30,37800.0,1.4892,0.4284,1.4148
b06,DLC1.2-a-s6,0.17,center,30,37800.0,1.6152,0.4969,1.5404
b06,DLC1.2-b-s1,0.18,center,30,45700.0,1.7607,-1.9859,1.5935
b06,DLC1.2-b-s2,0.18,center,30,45700.0,1.6608,-1.4638,1.5209
b06,DLC1.2-b-s3,0.17,center,30,45700.0,1.5271,-2.6775,1.3414
b06,DLC1.2-b-s4,0.18,center,30,45700.0,1.6966,-2.4336,1.5172
b06,DLC1.2-b-s5,0.17,center,30,45700.0,1.5238,-1.987,1.3637
b06,DLC1.2-b-s6,0.17,center,30,45700.0,1.6057,-1.9335,1.4529
b06,DLC1.2-c-s1,0.19,center,30,45040.0,1.8002,-9.6152,1.5412
b06,DLC1.2-c-s2,0.2,center,30,45040.0,1.7223,-11.5763,1.3868
b06,DLC1.2-c-s3,0.2,center,30,45040.0,1.8617,-10.0422,1.5703
b06,DLC1.2-c-s4,0.21,center,30,45040.0,2.0445,-11.5341,1.7172
b06,DLC1.2-c-s5,0.19,center,30,45040.0,1.6512,-13.3507,1.3
b06,DLC1.2-c-s6,0.2,center,30,45040.0,1.7534,-11.4573,1.4119
b06,DLC1.2-d-s1,0.24,center,30,38180.0,2.167,-12.8262,1.6231
b06,DLC1.2-d-s2,0.23,center,30,38180.0,2.0756,-12.5779,1.6798
b06,DLC1.2-d-s3,0.23,center,30,38180.0,1.6549,-10.3412,1.3054
b06,DLC1.2-d-s4,0.24,center,30,38180.0,2.2109,-13.6638,1.7398
b06,DLC1.2-d-s5,0.25,center,30,38180.0,2.201,-11.2782,1.6978
b06,DLC1.2-d-s6,0.23,center,30,38180.0,1.6964,-13.7767,1.2184
b06,DLC1.2-e-s1,0.28,center,30,28490.0,2.5188,-17.7053,1.7804
b06,DLC1.2-e-s2,0.29,center,30,28490.0,2.1275,-18.2771,1.3706
b06,DLC1.2-e-s3,0.25,center,30,28490.0,2.1099,-18.847,1.5604
b06,DLC1.2-e-s4,0.29,center,30,28490.0,2.0407,-21.331,1.2252
b06,DLC1.2-e-s5,0.26,center,30,28490.0,2.1504,-9.7728,1.7018
b06,DLC1.2-e-s6,0.28,center,30,28490.0,2.4422,-17.0444,1.817
b06,DLC1.2-f-s1,0.32,center,30,18970.0,2.127,-26.502,1.3176
b06,DLC1.2-f-s2,0.3,center,30,18970.0,2.3577,-27.3175,1.6937
b06,DLC1.2-f-s3,0.32,center,30,18970.0,2.1739,-21.1167,1.2668
b06,DLC1.2-f-s4,0.31,center,30,18970.0,2.1642,-22.2235,1.3319
b06,DLC1.2-f-s5,0.31,center,30,18970.0,2.495,-17.9676,1.7802
b06,DLC1.2-f-s6,0.33,center,30,18970.0,2.315,-31.9623,1.1849
b06,DLC1.2-g-s1,0.35,center,30,11340.0,2.7842,-31.0503,1.7254
b06,DLC1.2-g-s2,0.34,center,30,11340.0,2.8533,-25.2287,1.8641
b06,DLC1.2-g-s3,0.35,center,30,11340.0,2.6256,-38.269,1.2826
b06,DLC1.2-g-s4,0.35,center,30,11340.0,2.8294,-33.1721,1.6785
b06,DLC1.2-g-s5,0.36,center,30,11340.0,2.3457,-35.1964,1.1735
b06,DLC1.2-g-s6,0.35,center,30,11340.0,2.217,-31.7027,0.9905
b06,DLC1.2-h-s1,0.4,center,30,6126.0,2.1796,-29.0421,0.5085
b06,DLC1.2-h-s2,0.42,center,30,6126.0,2.1912,-37.3648,0.7983
b06,DLC1.2-h-s3,0.4,center,30,6126.0,2.3486,-37.31,0.8994
b06,DLC1.2-h-s4,0.4,center,30,6126.0,1.8987,-35.6078,0.3476
b06,DLC1.2-h-s5,0.41,center,30,6126.0,2.8355,-36.5436,1.4108
b06,DLC1.2-h-s6,0.42,center,30,6126.0,2.3049,-42.3732,0.8119
b06,DLC1.2-i-s1,0.52,min_pos,30,2997.0,3.0831,-43.0542,1.1182
b06,DLC1.2-i-s2,0.42,center,30,2997.0,2.0491,-30.3042,0.3924
b06,DLC1.2-i-s3,0.42,center,30,2997.0,2.3718,-30.1873,0.7287
b06,DLC1.2-i-s4,0.48,center,30,2997.0,2.9613,-38.7682,1.0042
b06,DLC1.2-i-s5,0.47,center,30,2997.0,2.4797,-31.6198,0.026
b06,DLC1.2-i-s6,0.5,center,30,2997.0,2.0268,-32.7434,0.2375
b06,DLC1.2-j-s1,0.5,min_pos,30,1332.0,3.5559,-36.3094,0.4543
b06,DLC1.2-j-s2,0.56,center,30,1332.0,2.4194,-25.8462,0.5031
b06,DLC1.2-j-s3,0.54,min_pos,30,1332.0,3.5023,-33.969,1.1036
b06,DLC1.2-j-s4,0.51,center,30,1332.0,2.513,-38.0614,0.1375
b06,DLC1.2-j-s5,0.57,min_pos,30,1332.0,3.0055,-19.7566,1.1885
b06,DLC1.2-j-s6,0.6,center,30,1332.0,2.6609,-31.083,1.0387
b06,DLC1.2-k-s1,0.64,center,30,538.2,2.2846,-10.1275,0.8531
b06,DLC1.2-k-s2,0.7,center,30,538.2,2.0201,2.6298,2.0796
b06,DLC1.2-k-s3,0.67,center,30,538.2,2.5664,-3.7763,1.7838
b06,DLC1.2-k-s4,0.63,center,30,538.2,1.5017,-6.5417,0.3646
b06,DLC1.2-k-s5,0.54,center,30,538.2,1.2249,6.0448,2.1388
b06,DLC1.2-k-s6,0.6,center,30,538.2,2.864,-11.412,0.9864
b06,DLC2.4.1-a-s1,0.32,center,3,50.0,1.1765,4.0408,1.7913
b06,DLC2.4.1-a-s2,0.33,center,3,50.0,1.2864,1.8737,1.4109
b06,DLC2.4.1-a-s3,0.35,center,3,50.0,1.9686,1.9469,1.964
b06,DLC2.4.1-a-s4,0.3,center,3,50.0,2.3909,-2.4106,1.347
b06,DLC2.4.1-a-s5,0.35,center,3,50.0,1.1914,3.9113,1.7741
b06,DLC2.4.1-a-s6,0.29,center,3,50.0,0.3048,4.5864,1.1708
b06,DLC2.4.1-b-s1,0.61,min_pos,3,50.0,3.3322,-8.3239,0.8341
b06,DLC2.4.1-b-s2,0.48,center,3,50.0,2.0529,-5.4505,0.4866
b06,DLC2.4.1-b-s3,0.41,min_pos,3,50.0,3.2112,-8.9224,0.7005
b06,DLC2.4.1-b-s4,0.47,center,3,50.0,2.0985,-5.7731,0.4481
b06,DLC2.4.1-b-s5,0.51,min_pos,3,50.0,3.9182,-11.1017,0.2817
b06,DLC2.4.1-b-s6,0.36,center,3,50.0,2.4982,-5.0076,0.8391
b06,DLC2.4.2-a-s1,0.25,center,15,25.0,2.8779,-15.1286,0.9867
b06,DLC2.4.2-a-s2,0.19,center,15,25.0,2.0094,-1.6917,1.5599
b06,DLC2.4.2-a-s3,0.31,center,15,25.0,2.4222,-7.183,1.286
b06,DLC2.4.2-a-s4,0.27,center,15,25.0,2.0336,-1.0296,1.6387
b06,DLC2.4.2-a-s5,0.32,center,15,25.0,2.814,-9.5406,1.3965
b06,DLC2.4.2-a-s6,0.29,center,15,25.0,2.3448,-4.0123,1.5978
b06,DLC2.4.2-b-s1,0.36,center,15,25.0,2.1645,-5.0827,0.8626
b06,DLC2.4.2-b-s2,0.5,center,15,25.0,2.4433,-6.5639,0.6112
b06,DLC2.4.2-b-s3,0.41,center,15,25.0,2.343,-7.456,0.6313
b06,DLC2.4.2-b-s4,0.41,center,15,25.0,2.9555,-3.7693,1.7396
b06,DLC2.4.2-b-s5,0.37,center,15,25.0,2.2089,-2.083,1.4219
b06,DLC2.4.2-b-s6,0.26,center,15,25.0,2.5865,-4.4522,1.2779
b06,DLC4.1-a-y1,0.16,center,10,10000.0,1.5803,1.1657,1.5128
b06,DLC4.1-a-y2,0.16,center,10,10000.0,1.5504,1.1758,1.4899
b06,DLC4.1-a-y3,0.16,center,10,10000.0,1.5314,1.2089,1.4795
b06,DLC4.1-b-y1,0.24,center,10,500.0,2.0605,-1.6925,1.5011
b06,DLC4.1-b-y2,0.25,center,10,500.0,2.0407,-1.6319,1.5124
b06,DLC4.1-b-y3,0.24,center,10,500.0,1.9795,-1.2087,1.5326
b06,DLC4.1-c-y1,0.24,center,10,500.0,2.2958,-1.3028,1.6412
b06,DLC4.1-c-y2,0.31,center,10,500.0,2.3904,-3.3987,1.372
b06,DLC4.1-c-y3,0.48,min_pos,10,500.0,3.1384,-8.8684,0.705
b06,DLC6.4-a-s1,3.0,center,30,24340.0,0.1438,0.2284,0.1584
b06,DLC6.4-a-s2,3.0,center,30,24340.0,0.5744,0.6399,0.5857
b06,DLC6.4-a-s3,3.0,center,30,24340.0,0.4454,0.608,0.4733
b06,DLC6.4-a-s4,3.0,center,30,24340.0,0.5612,0.6991,0.5849
b06,DLC6.4-a-s5,3.0,center,30,24340.0,0.228,0.3035,0.241
b06,DLC6.4-a-s6,3.0,center,30,24340.0,0.5342,0.6404,0.5524
b06,DLC6.4-b-s1,0.28,center,30,292.4,2.4236,-3.6025,1.308
b06,DLC6.4-b-s2,0.28,center,30,292.4,2.6861,-4.2367,1.3893
b06,DLC6.4-b-s3,0.22,center,30,292.4,2.2121,-2.3963,1.3822
b06,DLC6.4-b-s4,0.39,center,30,292.4,2.2837,-8.0583,0.1884
b06,DLC6.4-b-s5,0.51,min_pos,30,292.4,4.096,-10.1192,0.9018
b06,DLC6.4-b-s6,0.24,center,30,292.4,2.1715,-2.5554,1.3241
