t,rpm,Mx,My,Mz,Fx,Fy,Fz
-1.37845e-12,5.58159,45097.2,-22469.8,-1740.75,2001.59,44.8218,-5152.2
0.1,5.57719,44906.4,-17525.9,-28.7797,1937.27,-39.2728,-5024.06
0.2,5.56323,44840.7,-14798.4,-477.6,1933.46,8.80488,-4919.01
0.3,5.57502,44764.6,-14555.6,-2755.03,1970.5,139.862,-4923.05
0.4,5.59517,44603.4,-14224.9,-4565.69,2014.03,220.848,-4958.44
0.5,5.65264,44657.7,-10530.8,-3288.9,2054.12,219.587,-4944.12
0.6,5.74291,44705.2,-8640.21,2571.16,2108.03,114.303,-4865.03
0.7,5.80196,44880.8,-11503.5,11228.4,2140.53,-41.5023,-4983.81
0.8,5.82444,45174.6,-15842.9,17469.5,2128.55,-227.24,-5277.19
0.9,5.83441,45072.2,-16701.3,19949.0,2102.39,-223.371,-5344.28
1.0,5.82974,45028.8,-14181.6,18918.0,2053.66,-71.16,-5065.4
1.1,5.83545,45126.1,-14534.8,16638.5,2081.27,47.3795,-4864.73
1.2,5.83775,45021.7,-20012.8,16576.2,2117.58,62.2518,-4991.08
1.3,5.78582,44853.9,-24349.8,17174.8,2164.48,-42.0085,-5150.17
1.4,5.71678,44892.5,-20327.2,16155.0,2186.13,-97.6848,-5040.51
1.5,5.66118,44914.5,-13979.0,13372.1,2183.32,-27.8611,-4759.13
1.6,5.62303,45002.9,-12991.6,8920.87,2173.63,0.468125,-4807.15
1.7,5.63077,45151.1,-18652.2,5553.11,2166.68,-2.64725,-5143.21
1.8,5.65646,45104.9,-23479.0,5301.71,2150.36,-84.2008,-5288.44
1.9,5.6742,45140.1,-22596.2,6717.12,2192.91,-204.92,-5128.07
2.0,5.71455,45189.0,-20717.7,8045.85,2195.51,-285.827,-4959.49
2.1,5.75528,45160.4,-20807.9,8909.75,2196.8,-256.425,-5063.62
2.2,5.79938,45217.3,-22492.0,7881.41,2232.01,-197.427,-5121.8
2.3,5.86492,45256.8,-19724.3,6308.29,2202.95,-130.906,-4969.34
2.4,5.912,45148.6,-13567.4,4809.73,2169.04,-127.117,-4758.93
2.5,5.93972,45129.9,-11121.5,3588.42,2150.47,-114.371,-4691.51
2.6,5.96049,45108.2,-14209.6,2574.93,2217.56,-122.347,-4879.1
2.7,5.95687,45026.7,-16829.2,940.282,2310.91,-163.901,-5142.05
2.8,5.94429,45040.0,-14451.1,-474.06,2377.19,-133.896,-5202.33
2.9,5.9172,44952.6,-12456.7,-1358.57,2401.31,-136.945,-5023.85
3.0,5.87029,44933.4,-13827.2,-1420.27,2398.72,-158.931,-5038.19
3.1,5.84407,45039.0,-16120.1,-1360.24,2407.29,-189.318,-5204.31
3.2,5.83976,45074.0,-13991.7,-516.396,2378.24,-150.712,-5132.23
3.3,5.83573,45051.3,-6776.76,939.874,2315.62,-144.229,-4783.7
3.4,5.82903,45035.2,-1677.62,3355.76,2231.45,-194.993,-4552.84
3.5,5.82077,45038.7,-811.476,7106.73,2197.16,-238.529,-4733.84
3.6,5.81961,45077.5,-701.005,10220.1,2151.76,-285.975,-4938.18
3.7,5.85532,45216.0,3794.85,12259.6,2137.44,-289.918,-4931.25
3.8,5.91728,45254.0,7594.56,14302.7,2181.86,-214.934,-4781.27
3.9,5.97952,45212.4,5338.15,17244.6,2246.14,-171.381,-4874.17
4.0,6.02891,45196.4,-721.049,21434.3,2344.32,-212.632,-5180.77
4.1,6.04721,45019.8,-4042.03,25210.2,2295.95,-326.695,-5227.98
4.2,6.05401,44884.8,-3527.97,27476.7,2263.4,-354.794,-4951.63
4.3,6.06417,44830.2,-4481.27,26853.3,2203.25,-347.402,-4786.23
4.4,6.07724,44762.9,-8602.35,24503.1,2192.72,-288.346,-5021.2
4.5,6.07196,44549.9,-10020.3,21573.5,2162.78,-220.085,-5263.84
4.6,6.03265,44298.0,-5806.88,19724.6,2140.81,-129.212,-5123.31
4.7,5.97422,44151.0,-1504.68,19376.0,2119.92,-76.9465,-4908.36
4.8,5.91725,44200.2,-2879.48,18625.9,2083.8,-122.299,-5032.49
4.9,5.89529,44461.6,-6500.23,16447.2,2122.87,-115.154,-5339.49
5.0,5.89477,44596.1,-5684.33,12490.1,2134.44,-51.8862,-5283.93
5.1,5.89095,44631.8,-887.509,7520.23,2158.89,-32.1867,-4943.2
5.2,5.89998,44698.7,171.344,4256.46,2198.65,-21.7922,-4826.87
5.3,5.91779,44711.2,-3829.09,3570.18,2183.79,-44.2595,-5074.75
5.4,5.9389,44782.3,-5507.98,2852.35,2136.15,-137.809,-5236.23
5.5,5.99701,44925.3,-244.05,874.213,2086.27,-121.202,-5004.87
5.6,6.06754,44894.2,6252.84,-2045.89,2084.34,38.8473,-4713.93
5.7,6.11527,44666.4,5997.88,-5590.64,2120.33,174.272,-4747.21
5.8,6.15367,44439.7,3285.28,-6739.1,2207.13,229.751,-4996.88
5.9,6.1653,44158.3,4051.37,-5118.31,2304.92,136.724,-4969.16
6.0,6.16084,44009.6,8684.44,-3110.62,2347.73,-20.0188,-4709.34
6.1,6.17065,43972.3,12332.0,-1897.24,2377.61,-105.714,-4719.16
6.2,6.16209,43817.6,11249.7,-1683.58,2442.8,-100.098,-5004.72
6.3,6.14963,43707.3,11523.8,-324.045,2476.24,-28.8091,-5188.82
6.4,6.11549,43486.3,12322.3,3383.2,2405.69,-68.3412,-4960.34
6.5,6.06762,43450.8,14685.3,8906.13,2371.53,-168.447,-4881.7
6.6,6.05695,43626.6,13315.1,14379.6,2361.5,-202.251,-5040.15
6.7,6.0823,43765.9,11016.0,19194.1,2396.3,-161.971,-5180.02
6.8,6.10045,43682.1,9484.68,22160.5,2386.24,-161.017,-5091.03
6.9,6.0924,43509.9,8148.82,22815.1,2342.4,-251.605,-4997.86
7.0,6.08054,43492.1,7934.26,21198.0,2297.69,-314.592,-5172.52
7.1,6.10338,43704.1,8554.09,17113.8,2218.45,-267.346,-5284.63
7.2,6.18001,43941.5,12249.9,13465.2,2124.07,-106.121,-5202.38
7.3,6.26547,43881.5,15697.9,12842.7,2110.94,-7.43925,-5074.36
7.4,6.33014,43583.2,15141.2,15529.1,2176.93,-31.4272,-5063.67
7.5,6.36829,43201.9,12082.2,21713.2,2214.06,-33.7702,-5139.88
7.6,6.35188,42800.9,8975.76,28312.3,2225.01,-94.0254,-5067.2
7.7,6.32081,42682.9,7422.85,31708.1,2194.61,-247.533,-4918.78
7.8,6.31165,42753.0,5655.12,31064.8,2141.18,-351.529,-4857.56
7.9,6.30583,42726.9,2432.67,27704.5,2124.98,-280.082,-4947.39
8.0,6.28947,42604.5,1877.13,22135.8,2120.27,-239.0,-5097.2
8.1,6.26984,42456.0,6560.95,18748.7,2098.66,-166.175,-5120.66
8.2,6.22781,42268.3,13530.2,18515.2,2060.95,-153.089,-4987.69
8.3,6.18876,42351.3,18734.8,19315.7,2075.61,-195.157,-4931.98
8.4,6.18896,42535.3,20701.4,19715.9,2098.98,-213.28,-4945.06
8.5,6.18597,42584.5,20736.2,17677.3,2121.71,-249.446,-4803.1
8.6,6.17958,42650.6,23290.1,12306.7,2133.92,-322.571,-4626.55
8.7,6.19766,42746.3,26776.3,7115.87,2172.91,-361.081,-4561.78
8.8,6.23594,42862.8,29358.6,5177.44,2240.35,-376.333,-4671.03
8.9,6.29444,42887.3,32526.0,5371.92,2210.52,-556.423,-4889.35
9.0,6.35284,42796.0,36013.7,7064.5,2172.06,-688.177,-4996.4
9.1,6.38746,42545.2,36892.0,7544.84,2086.53,-602.074,-4914.09
9.2,6.39319,42340.9,36568.1,6604.1,2003.96,-364.279,-4955.59
9.3,6.38393,42206.1,32951.6,6319.79,1983.76,-230.523,-4985.06
9.4,6.35685,42150.2,30034.6,7943.62,2020.82,-295.428,-4947.1
9.5,6.3297,42164.2,29486.9,10543.0,2028.4,-463.69,-4891.12
9.6,6.29186,42141.3,29477.6,13613.7,2040.9,-507.956,-4944.48
9.7,6.25402,42178.3,29659.6,15261.1,2100.38,-531.692,-5095.11
9.8,6.24645,42340.3,30624.5,17455.6,2104.06,-483.567,-5154.27
9.9,6.25712,42384.6,35549.3,21747.8,2046.31,-476.793,-5153.48
10.0,6.26891,42385.2,39426.1,26452.2,2011.72,-583.143,-5030.54
10.1,6.82053,-8116.74,38675.2,25456.9,2014.68,-828.266,-4860.27
10.2,6.55209,-950.279,37678.0,31331.4,2200.19,-708.988,-4939.24
10.3,6.66718,1843.33,35863.9,17482.6,2342.08,-820.888,-4850.23
10.4,6.66757,-1296.47,33442.3,22488.7,2312.2,-188.926,-4737.64
10.5,6.39846,-15.9882,28710.7,16193.8,2246.63,-89.4703,-4714.54
10.6,6.808,1855.96,21607.1,9201.37,2160.82,-479.255,-4848.03
10.7,7.00488,-709.435,17809.5,22832.9,2119.27,-476.513,-5104.99
10.8,6.70922,-559.932,19394.5,19619.9,2091.55,-829.408,-5099.7
10.9,6.7195,329.125,21667.5,12237.4,2019.74,-1014.64,-4885.35
11.0,6.52614,-1125.87,21455.8,14907.7,1839.59,-665.635,-4850.45
11.1,6.39451,553.338,19675.0,4514.19,1713.22,-640.417,-4883.38
11.2,6.8021,1296.63,21757.4,1807.9,1657.12,-618.937,-4831.53
11.3,6.86349,-732.794,28008.0,10352.6,1661.24,-368.401,-4690.67
11.4,6.71096,4.54131,36821.9,5895.81,1707.86,-415.449,-4691.66
11.5,6.75036,23.1601,42455.6,5960.77,1616.95,-293.838,-4791.43
11.6,6.58922,-614.147,43479.8,9720.64,1420.37,-78.6565,-4817.48
11.7,6.71304,1221.68,42351.2,5171.89,1207.89,-248.913,-4751.44
11.8,7.16179,984.797,39923.4,12309.6,1032.2,-390.381,-4780.41
11.9,7.24876,-314.394,36315.4,23449.1,999.978,-525.867,-4919.04
12.0,7.24617,226.487,31330.9,24514.0,1030.33,-803.238,-4997.27
12.1,7.21491,-449.881,29603.0,27666.9,1003.66,-700.788,-5064.83
12.2,6.97586,-582.914,32355.2,23984.7,762.844,-321.718,-4954.4
12.3,7.02339,732.112,37677.8,13265.3,540.704,10.7548,-4679.71
12.4,7.1881,66.1482,42589.1,13932.1,374.704,326.676,-4527.52
12.5,7.07385,-499.281,45928.7,16638.1,329.136,213.433,-4561.37
12.6,6.9615,-186.04,46272.4,18943.9,349.1,-121.202,-4560.36
12.7,6.76132,-822.393,44289.4,25472.1,376.631,-297.79,-4549.05
12.8,6.52582,-259.977,40672.7,21701.2,297.245,-467.997,-4582.56
12.9,6.65873,816.28,35026.5,11947.6,275.634,-523.906,-4654.98
13.0,6.85787,249.8,29789.2,7817.72,307.099,-284.033,-4761.68
13.1,6.91497,136.575,26477.8,939.17,405.179,-234.353,-4814.88
13.2,6.98419,114.502,26533.6,-3106.72,414.283,-218.651,-4816.51
13.3,6.86777,-618.839,27579.1,-4797.1,260.626,-127.124,-4705.8
13.4,6.75447,84.8949,26820.5,-14252.8,16.9096,26.6906,-4491.55
13.5,6.89335,547.399,26269.7,-24619.0,-240.463,203.62,-4402.87
13.6,6.99516,40.9719,25809.6,-30126.0,-344.629,331.6,-4442.32
13.7,7.01291,61.7734,26119.7,-34827.6,-385.581,126.495,-4494.86
13.8,6.95777,-396.914,25847.8,-32019.0,-423.052,-81.6215,-4621.28
13.9,6.70446,-812.039,25903.3,-26376.5,-524.278,-177.507,-4883.65
14.0,6.5437,-31.0353,28624.9,-25447.7,-682.827,-174.466,-5072.68
14.1,6.58905,203.39,33194.7,-22698.2,-808.354,31.1098,-4978.54
14.2,6.60118,-64.8037,34613.7,-18597.7,-854.506,259.12,-4718.44
14.3,6.60272,28.0569,34439.3,-14824.9,-803.338,230.21,-4721.38
14.4,6.51592,-488.864,31741.7,-8049.44,-722.783,52.4771,-4730.33
14.5,6.30143,-530.892,33202.8,-6005.97,-709.243,-163.818,-4633.97
14.6,6.23938,172.612,38711.2,-11523.8,-840.523,-204.535,-4439.33
14.7,6.32627,268.465,40233.3,-18808.4,-1013.43,-38.3105,-4265.97
14.8,6.43069,315.014,39828.4,-26145.9,-1165.16,125.495,-4441.38
14.9,6.55368,285.043,38318.4,-29724.8,-1206.47,71.4875,-4630.69
15.0,6.54225,-319.701,38440.8,-26338.1,-1237.88,-37.2977,-4638.4
15.1,6.39792,-389.147,35783.4,-22798.9,-1307.26,-140.341,-4527.29
15.2,6.29438,-156.685,29168.9,-21797.2,-1440.72,-200.34,-4622.04
15.3,6.23452,-154.822,20649.7,-21338.2,-1584.06,-121.118,-4763.58
15.4,6.20024,-21.4296,14490.8,-21990.7,-1642.4,-80.8816,-4692.31
15.5,6.18794,-88.815,10986.5,-20594.5,-1573.47,-227.086,-4606.23
15.6,6.07877,-442.483,6450.43,-16004.8,-1477.59,-372.912,-4758.85
15.7,5.91165,-403.145,-64.2414,-12904.9,-1425.6,-462.987,-5072.3
15.8,5.801,-177.275,-4505.92,-12228.1,-1381.73,-413.74,-5244.16
15.9,5.76771,3.74358,-6531.95,-13864.7,-1366.72,-209.666,-5153.88
16.0,5.79852,151.962,-10548.1,-17936.1,-1355.4,-71.3825,-5032.27
16.1,5.8359,25.2769,-17985.5,-20662.1,-1250.05,15.6875,-5173.07
16.2,5.78645,-262.052,-27133.2,-21885.4,-1127.62,7.41525,-5321.38
16.3,5.67914,-268.66,-31034.5,-23493.6,-1088.68,-64.1523,-5272.67
16.4,5.60501,-123.476,-30423.5,-24766.6,-1134.08,-48.5532,-5037.88
16.5,5.58377,28.3642,-28931.8,-26033.0,-1225.72,8.42425,-4920.57
16.6,5.62791,185.364,-29660.0,-27941.8,-1294.62,2.3665,-4966.15
16.7,5.67359,37.497,-31243.1,-29502.4,-1252.42,-46.1037,-4988.89
16.8,5.63412,-222.661,-31858.2,-32317.5,-1122.31,-78.9941,-4871.32
16.9,5.53098,-303.374,-32174.4,-38301.4,-993.429,-67.4086,-4770.1
17.0,5.40813,-322.941,-35284.7,-46283.0,-910.33,32.679,-4751.3
17.1,5.31656,-139.442,-38404.1,-54238.7,-803.705,213.38,-4813.74
17.2,5.29768,31.3127,-38946.6,-60296.4,-705.317,277.998,-4794.75
17.3,5.30458,-5.97097,-37729.3,-61979.2,-635.487,231.204,-4661.85
17.4,5.27313,-145.624,-33940.7,-60645.3,-578.389,94.9033,-4638.76
17.5,5.21155,-173.741,-29259.5,-57668.9,-542.38,-5.56881,-4639.54
17.6,5.14451,-158.035,-23681.1,-54580.8,-545.439,-75.9991,-4523.1
17.7,5.11293,-9.51635,-18123.2,-51890.2,-624.019,-81.9462,-4343.63
17.8,5.12988,88.1396,-15103.2,-49314.9,-678.584,-92.5178,-4265.35
17.9,5.14609,-3.51344,-13853.6,-46857.3,-681.55,-100.695,-4371.25
18.0,5.12975,-77.7063,-10130.8,-45428.8,-628.298,-71.7553,-4560.98
18.1,5.08534,-146.647,-4392.13,-44611.2,-521.56,36.9524,-4606.94
18.2,5.02279,-164.999,487.483,-43607.1,-438.955,180.497,-4594.87
18.3,4.97883,-62.4371,2293.93,-41271.9,-394.565,248.857,-4710.62
18.4,4.96314,-19.262,-1010.55,-36058.9,-373.878,225.577,-4776.42
18.5,4.95737,-11.1243,-6742.79,-29321.9,-330.664,85.8689,-4706.01
18.6,4.94951,-37.6621,-12637.1,-24109.8,-260.685,-107.903,-4619.0
18.7,4.91958,-116.735,-19042.7,-21528.4,-146.207,-134.995,-4608.72
18.8,4.86288,-167.78,-25138.9,-21080.4,-20.2785,31.007,-4708.17
18.9,4.79428,-182.476,-30634.7,-21041.0,59.7266,219.0,-4815.62
19.0,4.73003,-153.488,-34057.1,-19053.6,102.203,340.873,-4951.22
19.1,4.66738,-160.577,-36509.9,-15455.7,77.3717,363.323,-5063.75
19.2,4.60384,-167.051,-40939.7,-12401.8,45.0219,365.37,-5084.72
19.3,4.54499,-135.246,-47100.7,-11019.5,85.84,413.738,-5082.01
19.4,4.48624,-145.546,-54586.4,-11069.0,155.638,465.911,-5025.25
19.5,4.43431,-118.339,-61798.6,-11997.7,234.007,376.518,-4932.77
19.6,4.39432,-80.0275,-67446.2,-12738.1,284.593,220.398,-4861.38
19.7,4.36458,-72.4154,-70799.8,-14180.4,302.338,108.803,-4867.34
19.8,4.35024,-6.88821,-71036.3,-17458.6,281.401,161.722,-4923.21
19.9,4.34906,-3.5836,-66779.8,-23394.5,216.276,265.611,-4963.86
20.0,4.34735,-5.14124,-60581.9,-29860.4,161.28,463.744,-4912.13
20.1,4.3386,-44.9091,-53727.1,-35196.8,122.691,593.553,-4858.38
20.2,4.30684,-112.68,-48582.4,-38093.0,92.0085,608.662,-4845.31
20.3,4.26223,-122.242,-45322.2,-38832.5,74.985,524.713,-4795.32
20.4,4.21468,-117.11,-43082.2,-38758.0,56.0267,378.668,-4693.7
20.5,4.17034,-103.519,-41084.5,-39096.7,35.0947,247.733,-4616.06
20.6,4.13738,-80.4955,-37947.8,-39932.9,25.4847,163.772,-4632.69
20.7,4.10186,-105.586,-33010.4,-40061.4,-5.51211,156.791,-4672.24
20.8,4.0578,-114.491,-26091.4,-38521.7,-34.6104,185.206,-4711.9
20.9,4.00745,-143.545,-18835.3,-35570.9,-79.6877,186.178,-4727.97
21.0,3.95898,-113.159,-12606.5,-32142.7,-112.89,204.484,-4749.19
21.1,3.91936,-96.3121,-6928.81,-29778.9,-128.101,231.503,-4740.64
21.2,3.88507,-81.3399,-1428.3,-28458.4,-135.45,262.018,-4644.5
21.3,3.84623,-117.883,1737.37,-27239.7,-151.458,230.461,-4495.27
21.4,3.79335,-152.245,1438.33,-25059.1,-158.78,112.736,-4473.71
21.5,3.73355,-150.656,-979.888,-21604.6,-218.915,-39.9828,-4597.94
21.6,3.67677,-136.086,-3354.92,-17526.3,-331.074,-161.647,-4700.17
21.7,3.63805,-63.8144,-4590.44,-13257.0,-446.12,-200.44,-4741.15
21.8,3.62481,-14.6724,-6391.23,-8803.59,-515.673,-182.326,-4812.8
21.9,3.62052,-10.9558,-9849.37,-4385.13,-519.901,-170.877,-4967.86
22.0,3.60799,-48.2172,-14645.1,-809.283,-474.16,-192.941,-5067.95
22.1,3.58,-96.1758,-17951.9,1081.43,-401.822,-217.931,-5032.94
22.2,3.54142,-104.007,-21063.4,728.766,-342.181,-210.111,-4895.81
22.3,3.51437,-35.4915,-24410.7,-1316.08,-296.047,-203.812,-4852.34
22.4,3.50981,9.46697,-27656.0,-3908.26,-284.539,-219.528,-4925.57
22.5,3.519,33.1742,-29992.4,-5933.42,-277.478,-243.057,-4998.87
22.6,3.52512,-10.3423,-31387.4,-7424.41,-281.484,-291.365,-5021.25
22.7,3.51176,-48.4307,-33355.1,-8598.19,-264.625,-323.772,-5107.18
22.8,3.47749,-118.826,-37698.2,-10283.9,-258.729,-327.184,-5186.01
22.9,3.42876,-130.749,-41975.3,-12618.8,-245.632,-298.111,-5213.63
23.0,3.37762,-124.373,-44735.7,-15861.4,-215.89,-269.509,-5114.34
23.1,3.342,-54.4033,-45621.0,-19668.6,-156.353,-253.891,-4975.28
23.2,3.32131,-53.2348,-46434.1,-23377.8,-94.648,-205.38,-4868.77
23.3,3.30178,-49.6126,-46381.4,-26231.2,-13.3774,-132.435,-4861.36
23.4,3.27605,-82.9887,-44431.0,-27937.8,29.8234,-77.4948,-4860.32
23.5,3.24272,-85.9408,-41362.3,-28310.1,29.2247,-59.9525,-4804.76
23.6,3.22171,-26.7457,-39461.6,-27343.3,2.9697,-48.1543,-4763.63
23.7,3.22189,25.4049,-40391.7,-25656.7,-26.0297,-59.4082,-4798.68
23.8,3.23451,36.3027,-42519.9,-23782.0,-55.1037,-88.0762,-4851.02
23.9,3.24536,25.2118,-43170.7,-21930.9,-54.4095,-136.383,-4806.67
24.0,3.25039,-5.66449,-42082.4,-20131.8,-29.6068,-171.841,-4659.17
24.1,3.24286,-29.5775,-39151.8,-18065.1,-0.401599,-174.452,-4598.37
24.2,3.22636,-50.2426,-35439.4,-15706.9,17.9868,-161.954,-4600.51
24.3,3.20825,-46.4044,-30093.1,-13094.9,14.0325,-138.229,-4564.46
24.4,3.19113,-37.5419,-23750.6,-11143.4,-16.3979,-144.02,-4434.98
24.5,3.17804,-40.4931,-19082.3,-9863.53,-39.325,-104.487,-4338.94
24.6,3.15452,-79.367,-18701.7,-9898.9,-28.3401,-69.1861,-4337.77
24.7,3.11507,-122.96,-20335.5,-10864.3,4.51277,-51.3683,-4443.27
24.8,3.0549,-184.192,-22857.2,-12777.7,54.9958,-94.8887,-4473.19
24.9,2.98359,-179.949,-24527.1,-15598.5,99.0554,-148.592,-4467.41
25.0,2.92505,-125.42,-25270.1,-19207.2,120.033,-149.904,-4529.19
25.1,2.88963,-60.1628,-24216.8,-22579.9,126.752,-70.1414,-4625.39
25.2,2.87189,-35.7549,-20471.7,-24436.6,134.51,53.3119,-4632.24
25.3,2.8567,-48.1757,-14459.9,-23846.2,155.564,118.393,-4570.86
25.4,2.82806,-89.4804,-9418.29,-21508.4,185.564,111.834,-4508.19
25.5,2.79088,-103.052,-6741.81,-19094.9,234.685,102.379,-4517.77
25.6,2.75003,-103.367,-6010.38,-18022.8,303.665,135.583,-4522.22
25.7,2.71621,-61.5799,-5977.52,-18745.4,368.514,179.58,-4468.36
25.8,2.7046,-5.13206,-7028.85,-20302.3,431.729,191.144,-4462.76
25.9,2.70285,2.1288,-8743.22,-21504.6,487.627,152.494,-4599.65
26.0,2.70898,24.9623,-9659.47,-22631.3,533.712,76.1199,-4788.94
26.1,2.71941,33.6724,-8697.33,-23848.1,573.239,71.1909,-4860.92
26.2,2.72711,3.92134,-7863.25,-25321.5,601.968,149.178,-4773.25
26.3,2.72654,-6.85897,-8294.44,-26773.2,641.104,243.572,-4712.4
26.4,2.72326,-13.8446,-10607.4,-27319.6,691.693,305.856,-4652.88
26.5,2.70882,-63.8122,-12770.8,-26893.5,745.444,286.724,-4524.4
26.6,2.67769,-92.8619,-14819.9,-26655.9,789.549,221.522,-4341.26
26.7,2.63666,-117.567,-17530.8,-27560.8,809.088,176.157,-4283.22
26.8,2.59231,-105.077,-20708.6,-29479.5,796.23,195.742,-4387.31
26.9,2.56253,-48.0491,-23388.2,-31219.2,765.263,234.351,-4494.74
27.0,2.54848,-26.1426,-24924.6,-31395.1,715.376,207.03,-4542.4
27.1,2.53943,-21.6244,-26890.0,-29944.9,671.105,128.881,-4598.21
27.2,2.53263,-12.9659,-30080.6,-27700.8,643.591,97.8146,-4688.26
27.3,2.5289,-9.73321,-33086.1,-25486.1,632.685,135.643,-4706.32
27.4,2.51956,-33.1418,-35134.0,-23382.5,620.454,191.805,-4585.68
27.5,2.50994,-20.9878,-35795.3,-21010.1,594.848,183.169,-4454.99
27.6,2.4972,-43.3079,-35576.6,-18904.9,529.562,91.039,-4424.3
27.7,2.48002,-41.6968,-33596.2,-18014.0,439.089,15.7336,-4473.78
27.8,2.46538,-31.7074,-29607.3,-19166.1,312.857,-8.173,-4459.94
27.9,2.4556,-21.5916,-25556.7,-21425.3,189.196,39.9798,-4424.0
28.0,2.4521,2.70952,-23352.0,-23551.0,93.4548,69.4145,-4460.69
28.1,2.45176,-5.70943,-23038.8,-24413.6,32.6199,50.4155,-4559.47
28.2,2.438,-62.5998,-23318.3,-23851.4,12.273,28.4842,-4575.12
28.3,2.40521,-105.414,-22805.5,-22500.7,17.9923,7.0065,-4507.91
28.4,2.3609,-118.255,-22038.5,-20501.0,24.5759,11.5632,-4472.21
28.5,2.31352,-125.678,-21438.6,-17631.7,6.38542,9.80025,-4505.76
28.6,2.27338,-80.4945,-19064.4,-13950.8,-27.0976,-52.8325,-4572.08
28.7,2.24468,-68.9619,-15498.4,-9950.88,-91.9398,-152.538,-4585.17
28.8,2.21548,-83.9324,-12312.4,-6573.77,-157.36,-238.66,-4599.8
28.9,2.1719,-137.422,-11833.8,-4677.89,-203.154,-259.562,-4680.57
29.0,2.11884,-138.385,-13966.6,-4509.62,-226.317,-236.117,-4778.03
29.1,2.06521,-137.795,-17620.6,-5078.37,-214.234,-181.723,-4802.89
29.2,2.00691,-161.624,-21866.5,-6163.66,-192.311,-155.363,-4779.62
29.3,1.94789,-137.366,-26428.3,-7388.44,-168.411,-133.502,-4803.1
29.4,1.90063,-103.799,-30393.9,-8379.6,-133.139,-83.7225,-4901.05
29.5,1.86998,-56.3615,-32681.1,-8763.34,-112.043,-43.8037,-4952.43
29.6,1.85775,-8.35861,-33816.7,-7939.5,-99.7195,-48.0988,-4920.65
29.7,1.85705,6.3361,-35366.6,-5771.41,-86.8606,-100.948,-4903.25
29.8,1.86362,24.6288,-38853.9,-3142.79,-62.8822,-174.291,-4933.04
29.9,1.87534,33.9296,-44251.0,-1217.38,-38.7935,-216.235,-4940.76
30.0,1.88738,29.1804,-49837.2,-470.379,-1.19468,-201.884,-4909.39
30.1,1.89845,34.9806,-55555.1,-972.143,46.9653,-145.517,-4881.04
30.2,1.9092,18.2125,-60521.7,-2311.47,85.8458,-99.2452,-4951.96
30.3,1.90949,-15.4902,-63553.1,-4055.45,117.793,-77.6065,-5086.24
30.4,1.9022,-23.4522,-63996.3,-5965.0,136.045,-43.6662,-5164.56
30.5,1.89366,-19.539,-62434.9,-7726.34,143.84,-3.78225,-5159.74
30.6,1.89383,20.2695,-60921.7,-8689.21,158.427,36.9893,-5133.62
30.7,1.90512,39.67,-60181.7,-8526.61,176.508,43.7163,-5114.37
30.8,1.91823,24.0206,-59883.1,-7228.93,197.804,18.728,-5027.98
30.9,1.9206,-6.98893,-59408.9,-5574.21,225.842,-7.38912,-4868.17
31.0,1.91119,-42.1847,-58355.5,-4517.15,246.616,0.738375,-4762.57
31.1,1.88636,-86.0604,-56446.9,-4377.34,235.113,53.7534,-4761.29
31.2,1.84916,-97.9306,-53049.5,-5166.08,199.988,115.795,-4792.62
31.3,1.81396,-81.683,-47665.4,-6407.55,146.84,181.403,-4819.02
31.4,1.78253,-81.5062,-41877.8,-7556.49,89.0865,238.457,-4843.41
31.5,1.75346,-64.7194,-37612.7,-8297.98,64.8674,280.313,-4901.53
31.6,1.73598,-25.9861,-35254.4,-8424.12,70.4421,312.766,-4907.47
31.7,1.72585,-26.0688,-33335.3,-7641.83,103.206,340.806,-4821.61
31.8,1.71264,-45.684,-31717.6,-6097.76,143.109,359.295,-4653.35
31.9,1.69347,-54.2627,-29916.5,-4147.45,171.147,363.157,-4567.2
32.0,1.6668,-81.5533,-27256.9,-2245.62,173.448,358.206,-4575.38
32.1,1.63416,-80.8669,-22633.4,-1334.37,142.133,354.962,-4577.44
32.2,1.60789,-56.5198,-16846.0,-1877.01,99.7854,363.004,-4534.17
32.3,1.58677,-50.4418,-12004.5,-3823.81,73.8325,381.447,-4523.37
32.4,1.57045,-31.9025,-9662.55,-6750.2,89.255,409.923,-4583.1
32.5,1.56321,-8.71587,-8933.29,-10020.3,160.361,419.486,-4609.18
32.6,1.55236,-49.2659,-9249.05,-12969.5,259.947,417.461,-4515.09
32.7,1.53135,-59.9572,-10606.2,-15316.6,376.694,422.286,-4401.9
32.8,1.50583,-68.7667,-13002.9,-16745.3,477.526,448.234,-4403.03
32.9,1.47653,-80.2151,-15190.3,-17210.4,539.813,476.264,-4462.92
33.0,1.44986,-55.6397,-15886.8,-17026.1,565.661,481.487,-4471.92
33.1,1.43105,-39.7027,-15983.7,-16651.7,574.619,457.706,-4454.5
33.2,1.41936,-21.0025,-17847.4,-16764.6,603.921,424.148,-4502.36
33.3,1.41836,10.9305,-21789.9,-18045.2,662.573,409.12,-4605.02
33.4,1.41607,-17.8263,-26500.3,-20453.1,748.643,411.691,-4632.28
33.5,1.4039,-44.7056,-30790.3,-23387.3,844.98,422.613,-4559.72
33.6,1.38337,-59.3309,-34679.9,-26298.9,921.923,428.515,-4506.56
33.7,1.36062,-57.8262,-37762.8,-28520.6,965.916,438.969,-4552.72
33.8,1.33858,-54.2242,-38814.8,-29756.8,967.191,460.012,-4621.6
33.9,1.32845,-2.18487,-37453.2,-29790.7,934.808,480.732,-4631.67
34.0,1.33546,36.5155,-35782.7,-28415.5,893.4,461.756,-4598.75
34.1,1.35257,58.5261,-35997.7,-26028.3,869.582,399.778,-4617.67
34.2,1.37902,77.8451,-38120.5,-23286.1,873.344,324.521,-4665.28
34.3,1.40021,38.7222,-41062.0,-21023.7,886.177,259.263,-4627.59
34.4,1.41196,18.4371,-43511.9,-19636.0,883.069,228.42,-4534.23
34.5,1.41554,2.8189,-44981.6,-19015.3,848.326,227.624,-4483.73
34.6,1.41654,0.365158,-44769.3,-18793.5,767.58,241.891,-4502.25
34.7,1.42156,23.3438,-41622.7,-18614.3,655.763,264.354,-4529.03
34.8,1.42806,13.0278,-36459.0,-18086.6,548.726,288.302,-4509.04
34.9,1.42648,-19.5675,-31272.5,-17051.7,461.566,298.855,-4504.08
35.0,1.41661,-32.7514,-27972.6,-15106.6,418.43,284.387,-4548.18
35.1,1.39757,-63.5452,-26546.2,-12297.2,400.075,205.428,-4556.06
35.2,1.36947,-77.2631,-26140.0,-9036.9,390.064,79.4956,-4475.66
35.3,1.34519,-52.9501,-26192.1,-5674.74,371.493,-25.1586,-4391.81
35.4,1.3232,-57.8321,-26232.2,-2783.36,321.061,-106.994,-4383.33
35.5,1.30473,-37.8563,-25227.5,-707.706,241.943,-154.232,-4427.08
35.6,1.28838,-46.6413,-22050.7,442.786,149.568,-177.457,-4466.92
35.7,1.26209,-86.5863,-18148.0,484.364,65.2159,-167.839,-4488.62
35.8,1.22496,-106.993,-15599.3,-911.603,0.95229,-146.542,-4520.6
35.9,1.17912,-131.685,-15275.0,-3325.12,-16.8985,-119.17,-4570.28
36.0,1.12838,-124.079,-16846.6,-6056.23,6.12504,-101.054,-4555.19
36.1,1.08805,-85.0267,-19787.8,-8574.76,47.1737,-122.034,-4477.43
36.2,1.06216,-50.6132,-23637.5,-10346.6,87.1126,-182.966,-4442.61
36.3,1.05179,-4.88711,-27183.0,-11334.2,108.851,-251.191,-4482.07
36.4,1.05741,34.6793,-29290.1,-11625.9,107.063,-282.864,-4540.4
36.5,1.06803,21.8467,-29673.5,-11376.1,79.4329,-298.058,-4585.7
36.6,1.0755,13.8184,-29594.8,-10973.2,46.2965,-317.822,-4642.91
36.7,1.07961,8.50662,-30398.4,-10916.0,29.6607,-338.607,-4727.33
36.8,1.08263,7.29622,-32387.8,-11783.0,37.5231,-351.743,-4759.45
36.9,1.08397,2.98415,-35152.2,-13873.4,82.5706,-333.656,-4741.96
37.0,1.08804,21.1785,-38505.0,-16731.9,139.712,-286.967,-4694.16
37.1,1.1008,43.8772,-41702.0,-19487.5,200.039,-249.302,-4693.51
37.2,1.11434,34.1689,-43764.8,-21287.8,241.604,-221.315,-4734.58
37.3,1.13087,48.4679,-44051.3,-21794.3,247.926,-203.91,-4764.39
37.4,1.14813,40.4606,-43138.8,-21081.1,234.531,-175.893,-4794.9
37.5,1.16185,31.8775,-42361.5,-19319.1,206.962,-113.937,-4841.25
37.6,1.17227,27.4681,-42658.6,-16771.0,178.593,-62.457,-4878.34
37.7,1.18413,32.9739,-43495.3,-13788.3,157.967,-54.3338,-4852.17
37.8,1.19321,16.5064,-44184.4,-11064.8,155.438,-85.3942,-4757.14
37.9,1.19449,-12.7041,-44322.8,-9064.02,170.953,-97.2053,-4675.69
38.0,1.18382,-40.0923,-43255.7,-8118.54,187.837,-70.2395,-4664.66
38.1,1.17226,-21.6223,-40257.9,-7685.17,184.547,-12.7458,-4669.31
38.2,1.15989,-39.3438,-35400.7,-6785.45,165.132,49.3872,-4659.73
38.3,1.14322,-46.5166,-30412.8,-5136.04,138.841,83.397,-4663.31
38.4,1.12756,-39.0819,-27238.6,-2888.88,108.051,120.939,-4705.14
38.5,1.11044,-47.9865,-26520.5,-225.106,100.615,182.338,-4755.17
38.6,1.09161,-49.593,-27397.4,2358.65,97.7476,230.81,-4712.84
38.7,1.06841,-66.5074,-29061.1,4808.46,115.644,254.901,-4630.12
38.8,1.03702,-92.8941,-30636.3,6919.34,137.772,242.993,-4587.91
38.9,1.00128,-91.4756,-30762.2,8037.64,153.243,217.703,-4595.23
39.0,0.965516,-89.7711,-28514.0,7925.84,167.653,229.273,-4591.39
39.1,0.932697,-79.7325,-24329.4,6662.11,182.689,267.592,-4563.07
39.2,0.907156,-52.9151,-20336.0,4703.94,210.684,341.466,-4570.29
39.3,0.887279,-48.3034,-18290.8,2359.38,254.945,394.457,-4613.14
39.4,0.869061,-46.5838,-18361.5,-197.413,311.717,447.297,-4619.87
39.5,0.853264,-33.5595,-20015.7,-3132.93,386.527,476.095,-4552.81
39.6,0.839724,-36.9457,-22614.7,-6047.66,468.485,501.844,-4492.22
39.7,0.82269,-42.9731,-25476.6,-8609.95,535.402,502.178,-4490.96
39.8,0.804836,-46.3899,-27210.4,-10936.8,584.592,463.328,-4546.79
39.9,0.787419,-44.9955,-26983.3,-12985.4,619.815,438.017,-4590.65
40.0,0.769447,-45.7761,-25579.8,-15052.1,651.145,436.563,-4616.91
40.1,0.758156,-14.2924,-24367.5,-17350.6,686.585,444.544,-4662.27
40.2,0.753995,-7.99079,-24056.1,-19714.2,734.726,460.051,-4700.8
40.3,0.750423,-5.36334,-24475.8,-22233.9,797.841,465.022,-4656.46
40.4,0.74829,-7.6374,-25452.8,-24851.3,870.467,487.399,-4577.14
40.5,0.742731,-22.8371,-26810.8,-27439.4,923.532,513.012,-4538.95
40.6,0.729427,-43.8185,-27878.0,-29597.7,953.172,520.686,-4565.31
40.7,0.712177,-47.004,-27827.7,-30666.9,945.301,525.33,-4601.18
40.8,0.690366,-63.2567,-26701.0,-30439.7,900.123,498.999,-4622.71
40.9,0.666089,-62.2133,-25808.2,-29015.4,842.677,460.203,-4672.41
41.0,0.643127,-54.4011,-26198.4,-26467.8,781.989,444.721,-4752.06
41.1,0.625956,-36.0428,-27252.3,-23390.1,731.474,424.392,-4782.25
41.2,0.611759,-35.5705,-28409.8,-20206.9,707.33,417.037,-4724.68
41.3,0.599555,-29.5543,-29178.7,-17124.0,686.5,425.465,-4633.1
41.4,0.584605,-43.144,-29444.1,-14486.7,667.389,432.159,-4593.7
41.5,0.571109,-25.4029,-28207.2,-12338.5,627.167,443.431,-4583.79
41.6,0.552974,-67.0328,-25443.8,-10533.1,571.203,444.002,-4556.71
41.7,0.527259,-64.5667,-22060.2,-8734.39,493.793,435.54,-4536.54
41.8,0.508855,-32.7185,-19852.6,-6493.95,404.233,430.706,-4569.12
41.9,0.492781,-51.1011,-19642.9,-3677.09,334.43,395.134,-4617.43
42.0,0.479776,-19.8093,-20867.8,-336.105,276.431,359.534,-4610.29
42.1,0.470193,-30.1229,-23261.6,3144.64,250.647,309.702,-4564.03
42.2,0.45504,-46.0853,-25782.9,6406.7,235.293,286.505,-4532.73
42.3,0.438075,-39.7824,-27434.1,8734.68,239.498,269.957,-4546.96
42.4,0.425235,-29.1133,-27053.2,10021.5,240.021,262.668,-4561.33
42.5,0.412074,-35.5282,-24578.9,10252.5,227.988,246.631,-4549.6
42.6,0.398196,-37.407,-21656.7,9305.07,211.048,217.454,-4548.96
42.7,0.387638,-18.0793,-19570.0,7465.34,188.119,210.879,-4568.44
42.8,0.380909,-15.9037,-19294.1,4893.24,187.414,212.634,-4568.98
42.9,0.379897,11.8813,-20489.9,2197.22,187.891,235.068,-4511.81
43.0,0.382217,1.77422,-23130.5,-147.456,212.523,232.477,-4461.16
43.1,0.379255,-14.7627,-26499.5,-2181.17,239.229,202.439,-4464.05
43.2,0.373695,-16.4872,-28915.6,-3855.92,252.361,196.604,-4508.14
43.3,0.361954,-39.0627,-29634.4,-5630.35,261.436,180.437,-4532.94
43.4,0.350944,-19.5676,-28774.0,-7594.45,253.738,159.249,-4548.11
43.5,0.343367,-15.0011,-27622.6,-9732.14,231.921,130.203,-4585.01
43.6,0.343214,5.90113,-26777.3,-12027.0,206.265,101.197,-4613.21
43.7,0.349705,29.1941,-26284.0,-14753.8,185.415,101.101,-4570.31
43.8,0.354251,-0.804885,-26518.5,-17713.9,175.563,134.068,-4485.35
43.9,0.353874,-6.23483,-27381.0,-20424.4,173.4,184.382,-4448.08
44.0,0.35072,-9.21883,-28348.7,-22516.6,164.246,222.505,-4460.39
44.1,0.344687,-23.8008,-28337.8,-23727.7,144.337,233.733,-4477.16
44.2,0.331461,-42.5666,-27407.6,-24091.1,118.157,230.001,-4483.14
44.3,0.316482,-41.1125,-26464.7,-23706.9,80.0974,239.529,-4524.48
44.4,0.302941,-25.8127,-26096.9,-22514.8,37.2197,248.481,-4596.66
44.5,0.293415,-21.7866,-26375.2,-20593.5,10.3084,232.812,-4632.0
44.6,0.290968,3.74039,-26576.0,-18046.3,-11.1148,206.593,-4589.38
44.7,0.294847,18.2229,-26673.8,-15118.0,-22.9469,200.598,-4520.75
44.8,0.297725,-0.0789902,-26499.5,-12343.0,-13.7207,210.482,-4494.54
44.9,0.298464,-3.24798,-25394.7,-9817.63,-2.8233,244.639,-4494.33
45.0,0.292674,-28.4354,-23104.2,-7418.73,8.34615,284.653,-4489.38
45.1,0.27917,-42.6889,-20438.8,-5109.88,26.5414,309.501,-4490.34
45.2,0.260405,-49.8934,-18814.3,-2998.59,50.6499,315.188,-4526.81
45.3,0.244166,-40.5352,-18675.1,-967.72,89.184,324.088,-4588.84
45.4,0.229392,-32.9454,-20028.8,1059.9,133.129,330.579,-4604.86
45.5,0.220646,-14.5978,-21983.1,3242.4,183.499,332.006,-4576.38
45.6,0.216176,-10.6203,-24079.0,5695.37,244.878,325.386,-4548.46
45.7,0.215026,4.61284,-25278.2,8088.34,305.568,313.661,-4542.97
45.8,0.21303,-16.4922,-24851.5,10023.4,370.235,316.512,-4553.95
45.9,0.202854,-33.5177,-22893.7,11159.6,437.164,327.71,-4547.18
46.0,0.188879,-39.7817,-20381.0,11307.9,509.321,341.823,-4553.17
46.1,0.171576,-47.121,-18553.9,10578.4,579.185,355.681,-4572.01
46.2,0.153181,-46.5093,-18243.8,9000.46,654.809,348.855,-4586.65
46.3,0.138513,-29.7184,-19333.9,6713.65,728.665,352.833,-4572.69
46.4,0.128397,-24.9571,-21565.4,3960.3,794.143,350.168,-4558.77
46.5,0.119967,-15.8659,-24047.8,1275.2,834.135,368.952,-4562.53
46.6,0.112601,-21.1084,-25862.5,-1139.77,866.162,373.644,-4600.72
46.7,0.102106,-31.0166,-26125.5,-3148.64,881.907,369.43,-4636.33
46.8,0.0903274,-34.7139,-24789.4,-4887.42,879.343,372.327,-4657.83
46.9,0.0763655,-35.5369,-22647.7,-6702.59,878.403,368.175,-4680.21
47.0,0.062864,-37.2353,-20417.1,-8709.12,874.057,372.691,-4675.62
47.1,0.0491155,-33.6835,-18765.3,-11067.8,872.541,359.238,-4632.61
47.2,0.0365763,-26.8339,-17843.9,-13522.4,869.344,342.049,-4558.47
47.3,0.0266443,-27.7127,-17608.6,-15922.2,859.577,321.198,-4494.49
47.4,0.0178469,-16.0846,-17618.3,-18002.8,834.048,308.382,-4462.15
47.5,0.0129845,-10.1294,-17303.1,-19544.1,794.763,308.777,-4454.27
47.6,0.00850117,9.73013,-16368.0,-20295.3,738.004,319.603,-4454.23
47.7,0.00136273,-34.3251,-15155.2,-20236.5,677.42,314.457,-4478.94
47.8,-0.0087711,-100.6,-14149.5,-19273.8,629.609,302.603,-4522.38
47.9,-0.0286524,-39.3261,-13847.4,-17620.3,598.149,270.007,-4556.29
48.0,-0.0460845,-41.6975,-13835.1,-15526.5,576.472,240.463,-4544.62
48.1,-0.0575594,-22.3784,-13870.6,-13091.7,566.91,212.368,-4492.22
48.2,-0.0647891,-11.3823,-13955.3,-10574.0,569.372,176.147,-4432.33
48.3,-0.0632746,14.791,-13772.5,-7933.68,576.291,135.969,-4419.65
48.4,-0.0576035,17.196,-13178.2,-5104.07,572.2,105.246,-4442.58
48.5,-0.0521149,8.50867,-12079.2,-2265.35,554.479,97.7684,-4452.18
48.6,-0.0493832,7.69482,-11176.3,566.315,532.468,111.309,-4447.91
48.7,-0.0476726,-2.56062,-11529.7,3484.72,523.944,128.92,-4488.74
48.8,-0.0513094,-13.1348,-13487.2,6407.34,514.344,126.987,-4539.74
48.9,-0.0539973,-1.26187,-16219.6,9330.23,524.773,94.1464,-4564.19
49.0,-0.0556928,-5.98947,-18784.4,12051.0,542.447,47.0542,-4526.74
49.1,-0.0513944,23.0841,-20804.0,14384.2,567.041,15.9362,-4504.79
49.2,-0.0400322,37.8171,-22025.3,16329.6,577.11,-1.21438,-4535.22
49.3,-0.0265547,35.8817,-22090.8,17777.0,576.026,-17.3574,-4576.69
49.4,-0.0167539,13.7078,-21279.3,18498.3,572.875,-46.6683,-4597.22
49.5,-0.0171083,-13.5778,-20860.1,18518.8,559.172,-64.384,-4623.83
49.6,-0.0245868,-28.1786,-21659.5,17768.0,536.583,-58.3111,-4684.03
49.7,-0.0348964,-24.9512,-23771.9,16076.3,517.523,-44.7463,-4725.17
49.8,-0.0475325,-38.1499,-26573.1,13742.8,497.743,-30.5273,-4716.85
49.9,-0.0611128,-40.0523,-29441.6,11034.3,467.114,-24.9872,-4695.74
50.0,-0.0748512,-33.5908,-32043.2,8065.69,433.029,-40.4359,-4716.02
50.1,-0.0853118,-23.7071,-33300.6,5188.5,385.778,-57.8877,-4759.21
50.2,-0.0954225,-27.0795,-32710.5,2519.52,330.911,-74.7548,-4772.59
50.3,-0.105923,-30.7829,-30965.0,20.839,274.314,-91.9396,-4764.18
50.4,-0.120486,-47.4025,-29298.5,-2354.92,221.455,-109.941,-4769.03
50.5,-0.138559,-52.4921,-28440.3,-4762.73,180.951,-115.076,-4790.59
50.6,-0.158083,-50.6201,-28326.8,-7332.06,149.399,-104.115,-4771.57
50.7,-0.179266,-59.0798,-28827.1,-10094.2,126.852,-89.4945,-4711.57
50.8,-0.200014,-52.7184,-29888.1,-13001.4,106.576,-74.1186,-4686.65
50.9,-0.216647,-36.0414,-30867.4,-15814.7,82.0341,-61.1554,-4715.49
51.0,-0.227169,-16.2871,-30839.7,-18034.0,55.3413,-30.4517,-4760.64
51.1,-0.228952,6.71842,-29442.2,-19595.9,16.1921,-6.40275,-4777.71
51.2,-0.225432,9.98075,-27446.2,-20137.2,-7.00594,13.4574,-4782.71
51.3,-0.220789,10.0028,-25822.1,-19559.7,-17.2233,29.7761,-4801.83
51.4,-0.215763,17.7563,-24735.1,-17964.5,-3.47339,47.2626,-4808.81
51.5,-0.212245,-2.59027,-24040.8,-15677.3,44.5371,49.3595,-4773.2
51.6,-0.216354,-16.6625,-23774.0,-13007.8,102.634,43.5331,-4696.74
51.7,-0.22017,-4.10265,-23853.8,-10161.8,163.706,43.2094,-4670.55
51.8,-0.219887,7.59992,-23840.5,-7318.34,219.255,51.3079,-4689.04
51.9,-0.213795,22.0887,-23378.7,-4565.33,261.837,60.2469,-4702.58
52.0,-0.20538,22.1123,-22602.2,-1915.3,292.845,67.271,-4715.12
52.1,-0.195384,26.3097,-22314.8,709.615,317.408,86.4443,-4751.03
52.2,-0.187381,15.6464,-22884.3,3283.32,345.825,113.376,-4804.93
52.3,-0.186679,-8.30405,-23968.9,5921.61,385.76,142.923,-4814.97
52.4,-0.192296,-26.3214,-25020.8,8696.45,446.763,163.986,-4778.21
52.5,-0.204688,-33.7171,-25903.6,11474.0,506.656,171.264,-4734.98
52.6,-0.218422,-41.3435,-26491.6,14013.8,572.588,163.314,-4730.33
52.7,-0.233928,-40.2099,-26264.4,16034.6,628.33,160.975,-4736.8
52.8,-0.245383,-27.1384,-25226.8,17479.7,661.695,166.48,-4718.19
52.9,-0.257164,-35.6589,-24296.2,18298.8,679.134,162.078,-4701.65
53.0,-0.271993,-37.685,-24327.7,18493.0,684.336,149.588,-4716.46
53.1,-0.290699,-65.0359,-25405.8,17998.2,687.856,140.799,-4744.71
53.2,-0.317821,-76.0048,-26893.8,16769.3,692.337,153.68,-4724.51
53.3,-0.345865,-72.3981,-28186.6,14790.2,698.842,177.18,-4668.12
53.4,-0.373251,-72.4573,-29097.7,12354.3,715.739,196.036,-4636.33
53.5,-0.397484,-56.9205,-29114.7,9715.82,735.87,200.197,-4642.99
53.6,-0.416705,-44.9478,-27818.7,6840.02,747.35,182.685,-4635.79
53.7,-0.434233,-51.5323,-25391.7,3864.56,758.186,165.264,-4617.99
53.8,-0.455382,-55.9898,-22960.2,817.002,761.32,151.949,-4614.55
53.9,-0.475418,-52.519,-21265.5,-2155.15,761.543,145.225,-4648.49
54.0,-0.496212,-58.7123,-20543.9,-4880.43,763.071,130.102,-4654.43
54.1,-0.513594,-38.9283,-20188.6,-7317.5,758.089,122.512,-4615.25
54.2,-0.523889,-10.8161,-20419.5,-9724.55,759.6,113.025,-4573.61
54.3,-0.525561,0.619886,-21014.4,-11989.6,763.163,120.387,-4585.67
54.4,-0.522328,17.6406,-21288.7,-13999.9,764.898,121.796,-4614.31
54.5,-0.512286,31.7389,-20363.5,-15367.9,769.845,116.012,-4622.1
54.6,-0.50062,29.2852,-18604.4,-15935.6,774.116,83.4736,-4611.42
54.7,-0.489638,26.8979,-16763.2,-15640.7,777.987,56.8489,-4619.67
54.8,-0.482479,9.0671,-15570.8,-14758.7,795.155,34.1727,-4658.47
54.9,-0.480914,3.56409,-14798.1,-13249.0,810.547,38.9785,-4664.33
55.0,-0.479199,5.41546,-14616.7,-11226.8,826.325,40.5505,-4639.34
55.1,-0.480091,-8.271,-15127.4,-8770.14,836.241,38.124,-4632.63
55.2,-0.480679,-0.331121,-16087.8,-6249.14,834.739,27.3164,-4683.74
55.3,-0.481766,-0.484316,-17275.4,-3896.23,824.123,23.0784,-4748.2
55.4,-0.480275,7.08227,-18053.0,-1634.83,799.752,21.2155,-4786.92
55.5,-0.477875,0.153381,-18602.1,827.592,770.69,8.08263,-4814.94
55.6,-0.481219,-12.8137,-19440.9,3760.0,744.911,-12.4415,-4852.49
55.7,-0.491443,-42.6126,-20605.0,6976.92,732.727,-36.1955,-4888.26
55.8,-0.510313,-57.5123,-21890.2,10323.7,730.748,-46.3104,-4875.39
55.9,-0.531349,-56.1353,-22888.7,13681.3,735.214,-33.1111,-4836.46
56.0,-0.554467,-63.1524,-23861.8,16877.0,738.061,-38.2497,-4809.75
56.1,-0.578976,-66.7382,-24687.8,19644.4,725.713,-53.982,-4822.37
56.2,-0.600552,-50.9365,-25220.8,21576.5,692.463,-80.769,-4839.48
56.3,-0.62021,-49.8737,-25296.2,22428.8,642.879,-82.3045,-4848.63
56.4,-0.637416,-41.5286,-25655.5,22082.9,584.632,-76.5425,-4864.77
56.5,-0.652593,-36.3012,-26838.8,20993.5,529.133,-66.6377,-4896.81
56.6,-0.664041,-28.1064,-28403.1,19444.2,482.389,-63.7562,-4923.48
56.7,-0.67381,-22.607,-29849.8,17529.8,451.282,-57.5397,-4899.63
56.8,-0.682321,-26.6991,-30734.6,15321.2,437.087,-35.6665,-4858.12
56.9,-0.693691,-28.8906,-31010.2,12863.9,424.749,-2.91925,-4833.74
57.0,-0.700816,-16.34,-30310.1,10401.0,405.367,17.6367,-4819.86
57.1,-0.708033,-21.3711,-28561.8,8169.71,378.036,21.0527,-4789.65
57.2,-0.719577,-37.5357,-26451.3,5832.32,339.454,3.78975,-4752.83
57.3,-0.729232,-16.5271,-24767.1,3232.23,291.973,6.29925,-4746.02
57.4,-0.736117,-15.5286,-23995.5,337.934,244.34,25.7325,-4757.89
57.5,-0.74049,-6.98568,-23739.3,-2614.03,203.751,55.9632,-4755.3
57.6,-0.741772,0.810899,-23860.6,-5254.29,178.312,84.5547,-4720.1
57.7,-0.742712,-6.07694,-24095.6,-7473.08,169.612,110.862,-4701.15
57.8,-0.739497,19.8217,-24111.1,-9268.25,164.939,138.362,-4715.19
57.9,-0.731102,25.9599,-23552.1,-10506.1,166.016,165.395,-4728.17
58.0,-0.722868,13.8725,-21715.7,-11054.9,159.73,185.861,-4721.32
58.1,-0.721011,-2.81501,-19551.2,-10989.9,152.631,175.999,-4709.22
58.2,-0.724533,-21.0592,-17832.6,-10266.9,152.824,159.736,-4721.27
58.3,-0.735111,-30.7788,-16887.8,-9018.58,155.667,151.985,-4748.61
58.4,-0.743595,-15.4944,-16430.5,-7257.67,168.736,162.628,-4741.3
58.5,-0.747796,-7.34262,-16572.6,-4968.21,194.219,169.808,-4706.32
58.6,-0.747826,4.60938,-17342.2,-2215.31,217.099,181.649,-4711.29
58.7,-0.744749,10.4902,-18307.5,747.437,236.891,202.868,-4764.33
58.8,-0.743938,-6.76115,-18763.4,3692.51,253.786,232.04,-4805.57
58.9,-0.750063,-21.5658,-18308.5,6541.85,267.223,267.714,-4817.2
59.0,-0.759348,-30.4615,-17732.4,9200.71,285.892,280.036,-4830.36
59.1,-0.773695,-44.6076,-17591.3,11842.7,321.017,271.184,-4868.06
59.2,-0.788855,-33.6246,-17807.8,14283.5,369.932,248.827,-4889.3
59.3,-0.799224,-21.1144,-18263.4,16299.4,428.69,225.037,-4866.85
59.4,-0.805779,-14.6996,-19035.0,17860.5,491.679,219.874,-4839.19
59.5,-0.810204,-8.38591,-20596.0,18889.8,545.339,221.674,-4848.71
59.6,-0.816523,-27.2584,-22457.0,19456.7,591.776,224.113,-4892.9
59.7,-0.829874,-46.7588,-23822.5,19534.7,624.112,227.508,-4923.75
59.8,-0.849725,-56.3979,-24730.7,18922.9,645.266,230.77,-4934.04
59.9,-0.870389,-49.6925,-25544.8,17654.8,667.908,242.572,-4957.92
60.0,-0.888805,-46.7117,-26437.1,15779.7,696.903,252.489,-4986.51
