key,z1,z2,D_pw_mm,alpha,D_we_mm,L_w_mm,slenderness,Z,bore_mm,D_mm,T_mm,B_mm,C_mm,L_eff_m,mass_brg_kg,mass_shaft_kg,mass_total_kg,sigma_max_MPa,feasible,warn,t_s,L_we_mm,taper_2beta_deg,cone_angle_deg,rank,mass_brg_t,mass_shaft_t,mass_total_t,sigma_margin
1.00_6.00_3491.0_16_223.10_538.00,1.0,6.0,3491.0,16.0,223.1,538.0,2.4115,45,2916.0,4051.0,701.0,678.0,572.0,5.9864,27594.9,117185.0,172374.8,2098.8,1,,0.24,529.4,1.9013,14.0987,1,27.5949,117.185,172.3748,1.2
1.00_6.00_3493.0_16_223.40_536.50,1.0,6.0,3493.0,16.0,223.4,536.5,2.4015,45,2919.0,4052.0,699.0,676.0,570.0,5.98698,27473.0,116942.1,171888.1,2099.0,1,,0.23,527.9,1.9027,14.0973,2,27.473,116.9421,171.8881,1.0
1.00_6.00_3504.0_16_220.10_531.00,1.0,6.0,3504.0,16.0,220.1,531.0,2.4125,46,2937.0,4056.0,692.0,669.0,564.0,5.99001,26976.7,115839.0,169792.4,2099.4,1,,0.31,522.4,1.8706,14.1294,3,26.9767,115.839,169.7924,0.6
1.00_6.00_3522.0_15_221.10_529.60,1.0,6.0,3522.0,15.0,221.1,529.6,2.3953,46,2963.0,4066.0,690.0,667.0,563.0,5.92874,26576.4,114073.2,167226.1,2099.7,1,,0.24,521.0,1.7551,13.2449,4,26.5764,114.0732,167.226,0.3
1.00_6.00_3557.0_16_222.00_519.60,1.0,6.0,3557.0,16.0,222.0,519.6,2.3405,46,2995.0,4104.0,677.0,655.0,552.0,6.00422,26453.0,111881.4,164787.5,2099.5,1,,0.26,511.0,1.8594,14.1406,5,26.453,111.8814,164.7874,0.5
1.00_6.00_3583.0_15_218.20_522.50,1.0,6.0,3583.0,15.0,218.2,522.5,2.3946,47,3031.0,4120.0,680.0,658.0,555.0,5.94394,26273.8,109729.7,162277.3,2099.8,1,,0.24,513.9,1.7055,13.2945,6,26.2738,109.7297,162.2773,0.2
1.00_6.00_3620.0_16_227.40_497.20,1.0,6.0,3620.0,16.0,227.4,497.2,2.1865,46,3068.0,4157.0,647.0,627.0,528.0,6.0204,25162.5,107693.3,158018.4,2098.4,1,,0.23,488.6,1.8708,14.1292,7,25.1625,107.6933,158.0183,1.6
1.00_6.00_3646.0_16_224.20_492.90,1.0,6.0,3646.0,16.0,224.2,492.9,2.1985,47,3100.0,4178.0,642.0,621.0,524.0,6.02872,24898.8,105770.3,155567.9,2099.8,1,,0.29,484.3,1.8335,14.1665,8,24.8988,105.7703,155.5679,0.2
1.00_6.00_3671.0_15_220.90_491.00,1.0,6.0,3671.0,15.0,220.9,491.0,2.2227,48,3137.0,4191.0,639.0,619.0,522.0,5.96552,24383.6,103931.3,152698.5,2099.9,1,,0.24,482.4,1.6864,13.3136,9,24.3836,103.9313,152.6985,0.1
1.00_6.00_3698.0_15_222.00_488.20,1.0,6.0,3698.0,15.0,222.0,488.2,2.1991,48,3165.0,4217.0,636.0,615.0,519.0,5.97377,24342.8,102545.3,151230.8,2096.8,1,,0.26,479.6,1.6826,13.3174,10,24.3428,102.5453,151.2309,3.2
1.00_6.00_3718.0_16_218.70_478.20,1.0,6.0,3718.0,16.0,218.7,478.2,2.1866,49,3187.0,4235.0,623.0,603.0,508.0,6.04813,23929.1,101556.3,149414.6,2099.3,1,,0.25,469.6,1.7582,14.2418,11,23.9291,101.5563,149.4145,0.7
1.00_6.00_3756.0_15_197.30_485.70,1.0,6.0,3756.0,15.0,197.3,485.7,2.4617,55,3248.0,4250.0,633.0,612.0,516.0,5.98858,23701.5,98682.1,146085.1,2098.5,1,,0.28,477.1,1.4825,13.5175,12,23.7015,98.6821,146.0851,1.5
1.00_6.00_3786.0_16_213.10_469.50,1.0,6.0,3786.0,16.0,213.1,469.5,2.2032,51,3266.0,4292.0,611.0,592.0,499.0,6.0664,23414.5,97897.9,144726.9,2099.9,1,,0.27,460.9,1.6863,14.3137,13,23.4145,97.8979,144.7269,0.1
1.00_6.00_3820.0_15_196.90_471.50,1.0,6.0,3820.0,15.0,196.9,471.5,2.3946,56,3322.0,4305.0,614.0,594.0,501.0,6.00467,22893.6,95486.1,141273.4,2099.0,1,,0.28,462.9,1.456,13.544,14,22.8936,95.4861,141.2733,1.0
1.00_6.00_3821.0_16_197.10_466.00,1.0,6.0,3821.0,16.0,197.1,466.0,2.3643,56,3319.0,4309.0,607.0,587.0,495.0,6.07695,22821.3,95628.4,141271.0,2099.7,1,,0.28,457.4,1.5521,14.4479,15,22.8213,95.6284,141.271,0.3
1.00_6.00_3845.0_15_194.80_465.60,1.0,6.0,3845.0,15.0,194.8,465.6,2.3901,57,3353.0,4324.0,606.0,587.0,495.0,6.0103,22479.3,94299.7,139258.2,2099.9,1,,0.26,457.0,1.4323,13.5677,16,22.4793,94.2997,139.2583,0.1
1.00_6.00_3862.0_15_195.00_463.90,1.0,6.0,3862.0,15.0,195.0,463.9,2.379,57,3370.0,4340.0,604.0,585.0,493.0,6.01485,22449.9,93612.1,138511.9,2099.9,1,,0.29,455.3,1.4277,13.5723,17,22.4499,93.6121,138.5119,0.1
1.00_6.00_3912.0_15_211.00_451.90,1.0,6.0,3912.0,15.0,211.0,451.9,2.1417,53,3413.0,4398.0,588.0,570.0,480.0,6.02763,22230.7,91960.9,136422.4,2096.2,1,,0.26,443.3,1.5202,13.4798,18,22.2307,91.9609,136.4223,3.8
1.00_6.00_3922.0_15_212.70_445.80,1.0,6.0,3922.0,15.0,212.7,445.8,2.0959,53,3425.0,4406.0,581.0,562.0,474.0,6.03135,21896.3,91568.7,135361.3,2096.7,1,,0.3,437.2,1.5282,13.4718,19,21.8963,91.5687,135.3613,3.3
1.00_6.00_3935.0_15_210.30_441.50,1.0,6.0,3935.0,15.0,210.3,441.5,2.0994,54,3444.0,4414.0,575.0,556.0,469.0,6.03476,21525.0,90872.9,133923.0,2099.0,1,,0.28,432.9,1.507,13.493,20,21.525,90.8729,133.9229,1.0
1.00_6.00_3935.0_15_214.30_438.90,1.0,6.0,3935.0,15.0,214.3,438.9,2.0481,53,3441.0,4416.0,572.0,553.0,466.0,6.03487,21463.3,91035.8,133962.3,2098.7,1,,0.27,430.3,1.5343,13.4657,21,21.4633,91.0358,133.9624,1.3
1.00_6.00_3941.0_15_214.10_438.50,1.0,6.0,3941.0,15.0,214.1,438.5,2.0481,53,3448.0,4422.0,571.0,553.0,466.0,6.03547,21443.9,90737.3,133625.1,2099.8,1,,0.28,429.9,1.5307,13.4693,22,21.4439,90.7373,133.6251,0.2
1.00_6.00_3994.0_16_180.30_440.20,1.0,6.0,3994.0,16.0,180.3,440.2,2.4415,64,3526.0,4450.0,573.0,555.0,468.0,6.12401,21112.6,88075.9,130301.1,2099.4,1,,0.28,431.6,1.3664,14.6336,23,21.1126,88.0759,130.3011,0.6
1.00_6.00_3996.0_15_209.80_429.40,1.0,6.0,3996.0,15.0,209.8,429.4,2.0467,55,3513.0,4467.0,559.0,541.0,456.0,6.05005,20863.4,88495.6,130222.4,2099.9,1,,0.29,420.8,1.4818,13.5182,24,20.8634,88.4956,130.2224,0.1
1.00_6.00_4055.0_16_174.90_431.20,1.0,6.0,4055.0,16.0,174.9,431.2,2.4654,67,3598.0,4500.0,562.0,543.0,458.0,6.14235,20522.0,85786.7,126830.6,2099.6,1,,0.3,422.6,1.308,14.692,25,20.522,85.7867,126.8307,0.4
1.00_6.00_4079.0_15_175.80_430.50,1.0,6.0,4079.0,15.0,175.8,430.5,2.4488,67,3628.0,4518.0,561.0,543.0,458.0,6.07143,20286.8,84949.1,125522.7,2099.4,1,,0.28,421.9,1.227,13.773,26,20.2868,84.9491,125.5227,0.6
1.00_6.00_4097.0_15_176.70_426.20,1.0,6.0,4097.0,15.0,176.7,426.2,2.412,67,3648.0,4534.0,555.0,537.0,453.0,6.07626,20044.7,84373.1,124462.6,2099.2,1,,0.3,417.6,1.2279,13.7721,27,20.0447,84.3731,124.4625,0.8
1.00_6.00_4101.0_15_176.70_425.60,1.0,6.0,4101.0,15.0,176.7,425.6,2.4086,67,3652.0,4537.0,554.0,536.0,452.0,6.07733,19998.0,84202.9,124198.9,2099.9,1,,0.29,417.0,1.2267,13.7733,28,19.998,84.2029,124.1989,0.1
1.00_6.00_4138.0_15_181.20_416.80,1.0,6.0,4138.0,15.0,181.2,416.8,2.3002,66,3691.0,4573.0,543.0,525.0,443.0,6.08733,19626.0,82979.1,122231.1,2099.3,1,,0.31,408.2,1.2459,13.7541,29,19.626,82.9791,122.2311,0.7
1.00_6.00_4177.0_15_181.70_413.80,1.0,6.0,4177.0,15.0,181.7,413.8,2.2774,66,3731.0,4611.0,539.0,521.0,440.0,6.09777,19577.1,81997.7,121151.9,2098.5,1,,0.26,405.2,1.238,13.762,30,19.5771,81.9977,121.1519,1.5
1.00_6.00_4200.0_16_178.30_404.50,1.0,6.0,4200.0,16.0,178.3,404.5,2.2686,68,3757.0,4631.0,527.0,510.0,430.0,6.18193,19180.5,81209.2,119570.2,2099.6,1,,0.32,395.9,1.2882,14.7118,31,19.1805,81.2092,119.5702,0.4
1.00_6.00_4244.0_16_176.80_400.90,1.0,6.0,4244.0,16.0,176.8,400.9,2.2675,69,3805.0,4671.0,522.0,505.0,426.0,6.19449,19005.8,80040.1,118051.7,2099.4,1,,0.3,392.3,1.265,14.735,32,19.0058,80.0401,118.0517,0.6
1.00_6.00_4254.0_16_176.80_400.30,1.0,6.0,4254.0,16.0,176.8,400.3,2.2641,69,3816.0,4681.0,521.0,504.0,425.0,6.19736,18979.6,79715.8,117675.1,2099.8,1,,0.28,391.7,1.2622,14.7378,33,18.9796,79.7158,117.675,0.2
1.00_6.00_4257.0_16_178.20_395.60,1.0,6.0,4257.0,16.0,178.2,395.6,2.22,69,3820.0,4682.0,515.0,499.0,420.0,6.19725,18710.7,79519.9,116941.3,2099.9,1,,0.32,387.0,1.2709,14.7291,34,18.7107,79.5199,116.9413,0.1
1.00_6.00_4278.0_16_176.60_392.50,1.0,6.0,4278.0,16.0,176.6,392.5,2.2225,70,3845.0,4700.0,511.0,495.0,417.0,6.20322,18512.1,78920.3,115944.5,2099.4,1,,0.3,383.9,1.254,14.746,35,18.5121,78.9203,115.9445,0.6
1.00_6.00_4332.0_15_186.10_386.10,1.0,6.0,4332.0,15.0,186.1,386.1,2.0747,67,3900.0,4753.0,503.0,487.0,410.0,6.13733,18222.4,77482.6,113927.4,2098.7,1,,0.29,377.5,1.2232,13.7768,36,18.2224,77.4826,113.9274,1.3
1.00_6.00_4339.0_16_186.10_381.60,1.0,6.0,4339.0,16.0,186.1,381.6,2.0505,67,3904.0,4763.0,497.0,481.0,406.0,6.2209,18179.5,77564.8,113923.7,2099.8,1,,0.3,373.0,1.3009,14.6991,37,18.1795,77.5648,113.9238,0.2
1.00_6.00_4348.0_17_172.10_381.60,1.0,6.0,4348.0,17.0,172.1,381.6,2.2173,73,3921.0,4764.0,497.0,481.0,406.0,6.30584,18076.3,77038.6,113191.1,2099.4,1,,0.32,373.0,1.2776,15.7224,38,18.0763,77.0386,113.1912,0.6
1.00_6.00_4356.0_17_172.10_380.90,1.0,6.0,4356.0,17.0,172.1,380.9,2.2132,73,3930.0,4771.0,496.0,480.0,405.0,6.30828,18016.9,76928.6,112962.4,2099.9,1,,0.31,372.3,1.2754,15.7246,39,18.0169,76.9286,112.9624,0.1
1.00_6.00_4392.0_17_164.40_381.20,1.0,6.0,4392.0,17.0,164.4,381.2,2.3187,77,3973.0,4800.0,496.0,480.0,405.0,6.3191,17947.3,75723.2,111617.8,2098.0,1,,0.29,372.6,1.2106,15.7894,40,17.9473,75.7232,111.6178,2.0
1.00_6.00_4403.0_15_163.00_386.70,1.0,6.0,4403.0,15.0,163.0,386.7,2.3724,78,3993.0,4802.0,504.0,487.0,411.0,6.15686,17836.6,75221.3,110894.6,2098.2,1,,0.3,378.1,1.06,13.94,41,17.8366,75.2213,110.8945,1.8
1.00_6.00_4403.0_16_163.00_382.50,1.0,6.0,4403.0,16.0,163.0,382.5,2.3466,78,3990.0,4805.0,498.0,482.0,407.0,6.23873,17795.3,75461.3,111051.9,2098.6,1,,0.27,373.9,1.129,14.871,42,17.7953,75.4613,111.0519,1.4
1.00_6.00_4404.0_17_163.00_378.90,1.0,6.0,4404.0,17.0,163.0,378.9,2.3245,78,3988.0,4809.0,493.0,478.0,403.0,6.32174,17779.5,75422.3,110981.3,2099.3,1,,0.32,370.3,1.1975,15.8025,43,17.7795,75.4223,110.9813,0.7
1.00_6.00_4414.0_15_172.10_380.80,1.0,6.0,4414.0,15.0,172.1,380.8,2.2127,74,3999.0,4818.0,496.0,480.0,405.0,6.15898,17708.2,75337.9,110754.3,2096.4,1,,0.29,372.2,1.1143,13.8857,44,17.7082,75.3379,110.7543,3.6
1.00_6.00_4445.0_16_169.00_372.40,1.0,6.0,4445.0,16.0,169.0,372.4,2.2036,76,4033.0,4846.0,485.0,469.0,396.0,6.25088,17345.5,74488.8,109179.7,2099.4,1,,0.31,363.8,1.1585,14.8415,45,17.3455,74.4888,109.1798,0.6
1.00_6.00_4473.0_16_167.70_369.50,1.0,6.0,4473.0,16.0,167.7,369.5,2.2033,77,4064.0,4871.0,481.0,466.0,393.0,6.25787,17192.1,73859.7,108243.9,2099.3,1,,0.3,360.9,1.1429,14.8571,46,17.1921,73.8597,108.2439,0.7
1.00_6.00_4488.0_15_172.40_369.70,1.0,6.0,4488.0,15.0,172.4,369.7,2.1444,75,4080.0,4886.0,481.0,466.0,393.0,6.17778,17142.3,73546.6,107831.2,2099.8,1,,0.29,361.1,1.0984,13.9016,47,17.1423,73.5466,107.8312,0.2
1.00_6.00_4485.0_16_177.30_363.70,1.0,6.0,4485.0,16.0,177.3,363.7,2.0513,73,4071.0,4889.0,474.0,458.0,387.0,6.26251,17080.9,73685.2,107847.0,2099.9,1,,0.3,355.1,1.2028,14.7972,48,17.0809,73.6852,107.847,0.1
1.00_6.00_4497.0_16_166.50_367.10,1.0,6.0,4497.0,16.0,166.5,367.1,2.2048,78,4091.0,4893.0,478.0,463.0,390.0,6.26472,17068.6,73136.1,107273.2,2099.5,1,,0.28,358.5,1.1292,14.8708,49,17.0686,73.1361,107.2733,0.5
1.00_6.00_4517.0_17_171.50_360.70,1.0,6.0,4517.0,17.0,171.5,360.7,2.1032,76,4105.0,4918.0,470.0,455.0,383.0,6.35642,17030.9,72776.4,106838.3,2097.1,1,,0.36,352.1,1.2274,15.7726,50,17.0309,72.7764,106.8382,2.9
1.00_6.00_4539.0_16_171.80_362.10,1.0,6.0,4539.0,16.0,171.8,362.1,2.1077,76,4131.0,4937.0,472.0,456.0,385.0,6.27785,16992.6,72318.0,106303.1,2097.1,1,,0.29,353.5,1.1534,14.8466,51,16.9926,72.318,106.3032,2.9
1.00_6.00_4547.0_16_171.60_361.00,1.0,6.0,4547.0,16.0,171.6,361.0,2.1037,76,4140.0,4944.0,470.0,455.0,384.0,6.27914,16911.1,72168.2,105990.4,2099.5,1,,0.3,352.4,1.1502,14.8498,52,16.9111,72.1682,105.9904,0.5
1.00_6.00_4581.0_16_171.70_356.20,1.0,6.0,4581.0,16.0,171.7,356.2,2.0745,77,4177.0,4975.0,464.0,449.0,379.0,6.28888,16693.7,71571.6,104959.0,2094.8,1,,0.3,347.6,1.1426,14.8574,53,16.6937,71.5716,104.959,5.2
