n,life_UW_ref,life_Sys_ref,life_UW_scr,life_Sys_scr,bias_Sys_life_pct,vs_final_scr_Sys_pct
1,127.84625671509572,105.12049327074442,124.50033813457985,103.88240026175133,1.1918217194380132,2581.6464342545382
2,64.38038591691016,52.87332412119503,62.67472985664228,52.21335981699815,1.2639759374037274,1247.8488157849747
3,43.64617593000761,37.613635476563466,42.59328990484326,37.07798296432122,1.4446646484456371,857.1403871598051
4,33.282795802465614,29.416342913687508,32.53028255248809,28.978001563389196,1.5126693583042305,648.0454279886022
5,26.925461879118643,23.62187006652625,26.316831796154382,23.29603923569813,1.3986533398725687,501.3698219453378
6,22.650299830888727,20.15271869645186,22.152013861050037,19.8617508159249,1.4649659197902398,412.7162360454996
7,19.547212640233365,17.5720701526993,19.120601231971595,17.306219377927732,1.5361574296846925,346.74710411301663
8,17.201954132623154,15.337853929211352,16.818458682099767,15.111424501082695,1.4983989637272987,290.09011659076475
9,15.361373430514824,13.611392246509615,15.02289074857599,13.419113420936712,1.4328727952541698,246.40437230407022
10,13.88573024976566,12.399023901499264,13.585034700360394,12.220297391302207,1.462538140227787,215.45783349579995
11,12.669941168644659,11.249776530216044,12.389495473329454,11.088355913748185,1.4557669119162897,186.23761121157156
12,11.653553466628102,10.412395400700552,11.39451809474466,10.257012980487882,1.5148895736824874,164.7771154297752
13,10.804816077591717,9.699524636241193,10.562346048555014,9.549947354033181,1.5662628982435312,146.52474533446917
14,10.08898040880685,9.095544641505663,9.85841729649196,8.949726962650841,1.6292975133582521,131.03050503715528
15,9.482412973532444,8.580712061430805,9.265203754130075,8.440732440520907,1.6583823962705635,117.89119229615591
16,8.945141085048547,8.120942962210192,8.7379503645412,7.985148131202536,1.7005925096996943,106.13062423546822
17,8.465846199161248,7.707979345979512,8.268636071415855,7.576987770109376,1.7288080678562912,95.59426991393143
18,8.03582796406129,7.335857612902461,7.847252346844145,7.208955146428516,1.7603447919469328,86.0937831086944
19,7.648128895582741,6.967756496622561,7.469599014773832,6.848985195523579,1.734144514965652,76.80142816838962
20,7.31691636766977,6.660663976202194,7.145962382109424,6.547742446203976,1.724587228743002,69.02507199523154
21,7.017110464234858,6.38238454225213,6.852715678455864,6.273679756654948,1.7327117387825108,61.950348727964496
22,6.740962113287965,6.125242384036797,6.582319242703942,6.020658875350761,1.737077466956527,55.41880399630954
23,6.488762857780231,5.8736150575579575,6.336335757421221,5.776878927160091,1.6745396886034714,49.125807038585556
24,6.256608177107777,5.643314703471092,6.108597934196741,5.552143096172647,1.6420975778036917,43.32441971697776
25,6.043049511511856,5.449946465878104,5.899455054005231,5.361308113139674,1.6532971220436288,38.398157419495796
26,5.848737226492958,5.275694418827501,5.709491018457527,5.189714219827652,1.656742459370042,33.968589456293245
27,5.671461076919856,5.099633331170637,5.5363044840353925,5.017384256851808,1.6392819466938047,29.520020405472614
28,5.50855144011374,4.942433909415198,5.376319553400653,4.8630987107470025,1.63137134133986,25.537254474704053
29,5.35682660108154,4.7944903373898615,5.2285437382904165,4.720151206858696,1.5749311255780496,21.847171620228423
30,5.232210382920029,4.676937773530445,5.105823817198582,4.6043488490143005,1.5765296439622212,18.857820399913685
31,5.152380399916592,4.598456973238219,5.027734716150333,4.527514386121153,1.5669212964741996,16.87439623060194
32,5.082130541854061,4.531079914295539,4.958468593977811,4.461097231996894,1.568732503669712,15.159887092558577
33,5.015301583068849,4.46723694722428,4.892554253543714,4.398240106509391,1.568737473262849,13.537277430033123
34,4.950677480377962,4.405009792907621,4.82899722323713,4.337740826703754,1.5507834352331606,11.975533789561155
35,4.890162514966916,4.347847899652027,4.770103666011023,4.282427751949827,1.5276415970453705,10.547668151996215
36,4.838370812050928,4.3000224180782,4.719139495128162,4.235458467093065,1.5243674678138808,9.335191207506544
37,4.805304938748047,4.268537965303184,4.6870988632736115,4.205172831182408,1.506837808208683,8.553390177261711
38,4.773255802772498,4.238296437121055,4.6559600749426435,4.175906943309354,1.494034581198278,7.797913179595839
39,4.742717054279559,4.208926549641172,4.626332891023973,4.147335544780487,1.485074072152126,7.060363904708611
40,4.714101551019035,4.182201730107826,4.598538543495124,4.121628595367744,1.46964078248486,6.396758240471501
41,4.687470903849521,4.156881396434313,4.5727236518521135,4.097196403893487,1.4567276414698682,5.766059498597231
42,4.662311529450045,4.133234863172141,4.5479615311081405,4.0741121363202675,1.4511806468162858,5.170156403663717
43,4.645930412588445,4.116764954471958,4.532074083955183,4.05825800641386,1.4416764031668583,4.7608939027530495
44,4.632279318230567,4.103572072794528,4.518953839347399,4.045727919965111,1.4297588462131916,4.4374390965344235
45,4.619057354350295,4.0908540470169825,4.505930357388834,4.033380589812612,1.4249450535249508,4.118702007358777
46,4.605935748000916,4.078393885777784,4.492902585288134,4.021146955845991,1.4236467992935875,3.802899900150014
47,4.592907420795112,4.067179783253361,4.480420020621772,4.010164903580861,1.4217589810730402,3.519406438087369
48,4.580132276461569,4.054815282207447,4.467935804295983,3.998216704534045,1.4155955481157,3.2109726197608213
49,4.568208560049112,4.043580991748254,4.45635547311955,3.987390683031207,1.4091999802319455,2.931506975078979
50,4.556435508938023,4.033454683054933,4.445070375133637,3.9774689001125862,1.4075731161785399,2.675383572865253
51,4.5466465511393395,4.025123547077503,4.43557790893688,3.9692197523771133,1.4084328454454953,2.4624379963794185
52,4.537159062845328,4.0170536935167105,4.426372740772712,3.9612248778934616,1.4093826365378703,2.2560562936330797
53,4.527797919055378,4.00909364900599,4.417299198557245,3.953346736898865,1.4101194713534104,2.0526879785625507
54,4.5196182000744,4.0020538490588935,4.409484953076871,3.946473572893982,1.4083529292242103,1.8752623925220036
55,4.511655943065073,3.9952004298155863,4.401851327612263,3.9397584747815593,1.4072424842515474,1.7019171592247861
56,4.503727180137724,3.98837466980622,4.394243350466183,3.9330647644994614,1.4062800543229281,1.5291240367642844
57,4.496315823336602,3.9819942698123345,4.387164323937087,3.926836962399997,1.404624330994042,1.3683579854293804
58,4.49085771757104,3.9766018181298777,4.38194770332645,3.921723012284749,1.399354459078861,1.2363451896434174
59,4.485504829402567,3.970723572708282,4.3767011360871315,3.9160019493331273,1.397384988137551,1.0886602302498716
60,4.4802763573124205,3.9654054400443433,4.3716523033248595,3.9109327229287074,1.3928318632605796,0.9578019435950713
61,4.475316629556078,3.9605395248574964,4.366731429471681,3.9061859575154965,1.3914741370011807,0.8352677461515468
62,4.4707329911449625,3.9558172526673436,4.362251693229633,3.9016163693011676,1.389190485067715,0.7173072455268992
63,4.466513387116109,3.951479756958724,4.358073233510735,3.89738495147415,1.3879769680978926,0.6080763604195738
64,4.464640303275603,3.9492836044211885,4.356280428967276,3.895255451127059,1.387024650167601,0.5531049023272505
65,4.462769688456735,3.9473996444470965,4.354491558644625,3.893454669153395,1.3855298154898277,0.5066190630861556
66,4.4609095404908325,3.9453547790274412,4.352673920928701,3.891463720690397,1.3848531607917325,0.4552242182122468
67,4.459066814268532,3.9432779527910613,4.350905118939197,3.889432857754643,1.3843945121475354,0.40279901108954963
68,4.457302217031109,3.941225630430961,4.34918624526363,3.887462478482854,1.3829883181043279,0.3519351444960961
69,4.455542797946129,3.9392989396354676,4.347501697739104,3.8856193948380264,1.3814926101293867,0.3043573192655247
70,4.454412047056008,3.9378649557363383,4.3464552516911565,3.884221497008187,1.3810607548892406,0.26827163274505406
71,4.45348270668358,3.9369931779675706,4.34552398477375,3.883371983068307,1.3807895595130848,0.2463420660235638
72,4.452722408189456,3.9358559117885643,4.3448369414174985,3.8822650077362235,1.3804030365147657,0.2177663261040852
73,4.451985517270697,3.9349019505848615,4.344151756569576,3.8813256743803195,1.3803602351172506,0.19351813836401277
74,4.45125563231205,3.933933736197513,4.34348333508531,3.8803697969553523,1.3803823358327527,0.16884287785994267
75,4.450587171596247,3.933006791659285,4.342849858668183,3.879457080821459,1.3803403342842913,0.14528179379011963
76,4.44992930858391,3.932416521226515,4.342192465705073,3.8788706061340714,1.380451181015574,0.13014238855642013
77,4.449411975764599,3.9319643992915587,4.341679568114688,3.8784185651021574,1.380609990659698,0.1184732875507244
78,4.44890701314148,3.9313037578310754,4.341226773292282,3.877765032750276,1.380659339300605,0.10160283888300814
79,4.448433068675055,3.9308899727724294,4.340757474337544,3.877351642782631,1.3807963507631582,0.09093148618133373
80,4.44799506615483,3.9305102659766242,4.3403262424711855,3.876973013841423,1.3809033992257413,0.08115746336767593
81,4.447561971888214,3.9301400083095603,4.339906656905358,3.8766072777936613,1.3809170411083427,0.07171626095139327
82,4.447134321000428,3.9297696394780335,4.3394866498514135,3.876238935860254,1.38099597325001,0.062207789547019665
83,4.446717267333502,3.929386767912598,4.339067330799091,3.8758563592036586,1.381124679242185,0.05233185941444507
84,4.44634508706428,3.929071546271183,4.3387063415410445,3.875544494270011,1.3811492057519192,0.0442812995007591
85,4.445983825436517,3.9287665413582085,4.338355041576643,3.875241830906754,1.381196652672645,0.03646827124175189
86,4.445634206109957,3.928461544126178,4.338012271837751,3.874938235677226,1.3812686859406842,0.028631187552230486
87,4.445381016957675,3.9282408034450715,4.337761278023216,3.87471723011178,1.3813543067695777,0.022926094244457573
88,4.445311367386323,3.92817352746778,4.3376964550685635,3.8746555023408575,1.3812331211017215,0.021332638025017836
89,4.445251404930276,3.9281164236854345,4.3376379427226865,3.874600164807069,1.3812072627377825,0.019904140995774533
90,4.4451964952052085,3.928066419875467,4.337584508986362,3.874551016429789,1.3812027050037479,0.018635412410850094
91,4.445142163246044,3.928017641355576,4.33753225476047,3.874503577246933,1.3811850483996135,0.01741080540109685
92,4.445091101339559,3.927971115606508,4.33748186826599,3.8744575339715337,1.3811890094487467,0.016222232697882255
93,4.445040983947317,3.927926041492889,4.3374348078607206,3.874415176771213,1.3811339848784465,0.015128813264775332
94,4.444991543496916,3.9278808110873618,4.337387391497855,3.874371631255005,1.38110601989474,0.014004718346161127
95,4.444942125120943,3.9278354779069193,4.337337829772047,3.874326177606202,1.3811253324514494,0.012831366412346945
96,4.444893974305192,3.927791861937458,4.337294176311293,3.874286336998811,1.3810420883886954,0.01180291094271535
97,4.444852922967128,3.9277544741077417,4.3372536494541265,3.8742493548206722,1.3810448008591436,0.01084824368542403
98,4.4448120864412495,3.9277178431575295,4.3372132244803465,3.8742127297879336,1.3810577038841254,0.00990279586943199
99,4.444772011354201,3.9276819070947937,4.337173595113989,3.8741768860220414,1.381068099027627,0.008977515872499175
100,4.444731981950475,3.9276459438258793,4.337134963969357,3.874142233874234,1.3810466090745432,0.008082996604819037
101,4.444692202259293,3.92760985322961,4.33709605567971,3.874106742766034,1.3810437867640246,0.007166820202342272
102,4.444655094523165,3.9275766110022223,4.337060187743556,3.874074171168934,1.381038087279185,0.006326008794443894
103,4.444618958972393,3.92754484747533,4.337024682282353,3.8740427539336313,1.3810403482866551,0.005514996372579795
104,4.444585259324005,3.927513243187154,4.336992697823553,3.8740121701424917,1.3810249089303728,0.004725498688196161
105,4.444554153761522,3.927481346704,4.336960661712223,3.8739789275436194,1.3810715071262747,0.003867365871612627
106,4.444523912919687,3.9274549726574737,4.33693082061081,3.8739526548294427,1.3810782576635816,0.003189155413307887
107,4.444494304731226,3.927424568163152,4.336901144371884,3.873921913984548,1.3810978994043044,0.0023956035037464574
108,4.444465764794413,3.927399159498131,4.33687222483372,3.8738963318203847,1.38111149847433,0.0017352190773589626
109,4.444441744787911,3.9273769409904333,4.3368476961807785,3.8738740452730807,1.3811212004333884,0.0011599085342872684
110,4.444420641301582,3.9273547150696078,4.336825800678996,3.8738514513602973,1.3811387550888954,0.0005766635813531096
111,4.444399883530797,3.927332728696099,4.3368046136760094,3.873829112398602,1.3811558214133157,0.0
