DLC,k,dt_s,n_raw,n_bins,T_s,file
DLC1.2-a-s1,0.21,20.0,6001,30,600.0,DLC1.2-a-s1.csv
DLC1.2-a-s2,0.18,20.0,6001,30,600.0,DLC1.2-a-s2.csv
DLC1.2-a-s3,0.18,20.0,6001,30,600.0,DLC1.2-a-s3.csv
DLC1.2-a-s4,0.18,20.0,6001,30,600.0,DLC1.2-a-s4.csv
DLC1.2-a-s5,0.2,20.0,6001,30,600.0,DLC1.2-a-s5.csv
DLC1.2-a-s6,0.2,20.0,6001,30,600.0,DLC1.2-a-s6.csv
DLC1.2-b-s1,0.23,20.0,6001,30,600.0,DLC1.2-b-s1.csv
DLC1.2-b-s2,0.22,20.0,6001,30,600.0,DLC1.2-b-s2.csv
DLC1.2-b-s3,0.22,20.0,6001,30,600.0,DLC1.2-b-s3.csv
DLC1.2-b-s4,0.23,20.0,6001,30,600.0,DLC1.2-b-s4.csv
DLC1.2-b-s5,0.22,20.0,6001,30,600.0,DLC1.2-b-s5.csv
DLC1.2-b-s6,0.22,20.0,6001,30,600.0,DLC1.2-b-s6.csv
DLC1.2-c-s1,0.24,20.0,6001,30,600.0,DLC1.2-c-s1.csv
DLC1.2-c-s2,0.26,20.0,6001,30,600.0,DLC1.2-c-s2.csv
DLC1.2-c-s3,0.25,20.0,6001,30,600.0,DLC1.2-c-s3.csv
DLC1.2-c-s4,0.27,20.0,6001,30,600.0,DLC1.2-c-s4.csv
DLC1.2-c-s5,0.25,20.0,6001,30,600.0,DLC1.2-c-s5.csv
DLC1.2-c-s6,0.25,20.0,6001,30,600.0,DLC1.2-c-s6.csv
DLC1.2-d-s1,0.26,20.0,6001,30,600.0,DLC1.2-d-s1.csv
DLC1.2-d-s2,0.25,20.0,6001,30,600.0,DLC1.2-d-s2.csv
DLC1.2-d-s3,0.24,20.0,6001,30,600.0,DLC1.2-d-s3.csv
DLC1.2-d-s4,0.26,20.0,6001,30,600.0,DLC1.2-d-s4.csv
DLC1.2-d-s5,0.27,20.0,6001,30,600.0,DLC1.2-d-s5.csv
DLC1.2-d-s6,0.26,20.0,6001,30,600.0,DLC1.2-d-s6.csv
DLC1.2-e-s1,0.29,20.0,6001,30,600.0,DLC1.2-e-s1.csv
DLC1.2-e-s2,0.31,20.0,6001,30,600.0,DLC1.2-e-s2.csv
DLC1.2-e-s3,0.29,20.0,6001,30,600.0,DLC1.2-e-s3.csv
DLC1.2-e-s4,0.3,20.0,6001,30,600.0,DLC1.2-e-s4.csv
DLC1.2-e-s5,0.27,20.0,6001,30,600.0,DLC1.2-e-s5.csv
DLC1.2-e-s6,0.3,20.0,6001,30,600.0,DLC1.2-e-s6.csv
DLC1.2-f-s1,0.35,20.0,6001,30,600.0,DLC1.2-f-s1.csv
DLC1.2-f-s2,0.35,20.0,6001,30,600.0,DLC1.2-f-s2.csv
DLC1.2-f-s3,0.37,20.0,6001,30,600.0,DLC1.2-f-s3.csv
DLC1.2-f-s4,0.36,20.0,6001,30,600.0,DLC1.2-f-s4.csv
DLC1.2-f-s5,0.35,20.0,6001,30,600.0,DLC1.2-f-s5.csv
DLC1.2-f-s6,0.38,20.0,6001,30,600.0,DLC1.2-f-s6.csv
DLC1.2-g-s1,0.4,20.0,6001,30,600.0,DLC1.2-g-s1.csv
DLC1.2-g-s2,0.4,20.0,6001,30,600.0,DLC1.2-g-s2.csv
DLC1.2-g-s3,0.43,20.0,6001,30,600.0,DLC1.2-g-s3.csv
DLC1.2-g-s4,0.41,20.0,6001,30,600.0,DLC1.2-g-s4.csv
DLC1.2-g-s5,0.42,20.0,6001,30,600.0,DLC1.2-g-s5.csv
DLC1.2-g-s6,0.41,20.0,6001,30,600.0,DLC1.2-g-s6.csv
DLC1.2-h-s1,0.47,20.0,6001,30,600.0,DLC1.2-h-s1.csv
DLC1.2-h-s2,0.5,20.0,6001,30,600.0,DLC1.2-h-s2.csv
DLC1.2-h-s3,0.47,20.0,6001,30,600.0,DLC1.2-h-s3.csv
DLC1.2-h-s4,0.47,20.0,6001,30,600.0,DLC1.2-h-s4.csv
DLC1.2-h-s5,0.47,20.0,6001,30,600.0,DLC1.2-h-s5.csv
DLC1.2-h-s6,0.49,20.0,6001,30,600.0,DLC1.2-h-s6.csv
DLC1.2-i-s1,0.59,20.0,6001,30,600.0,DLC1.2-i-s1.csv
DLC1.2-i-s2,0.48,20.0,6001,30,600.0,DLC1.2-i-s2.csv
DLC1.2-i-s3,0.48,20.0,6001,30,600.0,DLC1.2-i-s3.csv
DLC1.2-i-s4,0.56,20.0,6001,30,600.0,DLC1.2-i-s4.csv
DLC1.2-i-s5,0.55,20.0,6001,30,600.0,DLC1.2-i-s5.csv
DLC1.2-i-s6,0.57,20.0,6001,30,600.0,DLC1.2-i-s6.csv
DLC1.2-j-s1,0.57,20.0,6001,30,600.0,DLC1.2-j-s1.csv
DLC1.2-j-s2,0.59,20.0,6001,30,600.0,DLC1.2-j-s2.csv
DLC1.2-j-s3,0.59,20.0,6001,30,600.0,DLC1.2-j-s3.csv
DLC1.2-j-s4,0.57,20.0,6001,30,600.0,DLC1.2-j-s4.csv
DLC1.2-j-s5,0.59,20.0,6001,30,600.0,DLC1.2-j-s5.csv
DLC1.2-j-s6,0.62,20.0,6001,30,600.0,DLC1.2-j-s6.csv
DLC1.2-k-s1,0.63,20.0,6001,30,600.0,DLC1.2-k-s1.csv
DLC1.2-k-s2,0.65,20.0,6001,30,600.0,DLC1.2-k-s2.csv
DLC1.2-k-s3,0.64,20.0,6001,30,600.0,DLC1.2-k-s3.csv
DLC1.2-k-s4,0.61,20.0,6001,30,600.0,DLC1.2-k-s4.csv
DLC1.2-k-s5,0.51,20.0,6001,30,600.0,DLC1.2-k-s5.csv
DLC1.2-k-s6,0.59,20.0,6001,30,600.0,DLC1.2-k-s6.csv
DLC2.4.1-a-s1,0.42,20.0,601,3,60.0,DLC2.4.1-a-s1.csv
DLC2.4.1-a-s2,0.5,20.0,601,3,60.0,DLC2.4.1-a-s2.csv
DLC2.4.1-a-s3,0.43,20.0,601,3,60.0,DLC2.4.1-a-s3.csv
DLC2.4.1-a-s4,0.51,20.0,601,3,60.0,DLC2.4.1-a-s4.csv
DLC2.4.1-a-s5,0.52,20.0,601,3,60.0,DLC2.4.1-a-s5.csv
DLC2.4.1-a-s6,0.38,20.0,601,3,60.0,DLC2.4.1-a-s6.csv
DLC2.4.1-b-s1,0.75,20.0,601,3,60.0,DLC2.4.1-b-s1.csv
DLC2.4.1-b-s2,0.85,20.0,601,3,60.0,DLC2.4.1-b-s2.csv
DLC2.4.1-b-s3,0.57,20.0,601,3,60.0,DLC2.4.1-b-s3.csv
DLC2.4.1-b-s4,0.71,20.0,601,3,60.0,DLC2.4.1-b-s4.csv
DLC2.4.1-b-s5,0.66,20.0,601,3,60.0,DLC2.4.1-b-s5.csv
DLC2.4.1-b-s6,0.6,20.0,601,3,60.0,DLC2.4.1-b-s6.csv
DLC2.4.2-a-s1,0.31,20.0,3001,15,300.0,DLC2.4.2-a-s1.csv
DLC2.4.2-a-s2,0.23,20.0,3001,15,300.0,DLC2.4.2-a-s2.csv
DLC2.4.2-a-s3,0.29,20.0,3001,15,300.0,DLC2.4.2-a-s3.csv
DLC2.4.2-a-s4,0.26,20.0,3001,15,300.0,DLC2.4.2-a-s4.csv
DLC2.4.2-a-s5,0.28,20.0,3001,15,300.0,DLC2.4.2-a-s5.csv
DLC2.4.2-a-s6,0.27,20.0,3001,15,300.0,DLC2.4.2-a-s6.csv
DLC2.4.2-b-s1,0.46,20.0,3001,15,300.0,DLC2.4.2-b-s1.csv
DLC2.4.2-b-s2,0.57,20.0,3001,15,300.0,DLC2.4.2-b-s2.csv
DLC2.4.2-b-s3,0.5,20.0,3001,15,300.0,DLC2.4.2-b-s3.csv
DLC2.4.2-b-s4,0.54,20.0,3001,15,300.0,DLC2.4.2-b-s4.csv
DLC2.4.2-b-s5,0.58,20.0,3001,15,300.0,DLC2.4.2-b-s5.csv
DLC2.4.2-b-s6,0.48,20.0,3001,15,300.0,DLC2.4.2-b-s6.csv
DLC4.1-a-y1,0.12,20.0,2001,10,200.0,DLC4.1-a-y1.csv
DLC4.1-a-y2,0.12,20.0,2001,10,200.0,DLC4.1-a-y2.csv
DLC4.1-a-y3,0.11,20.0,2001,10,200.0,DLC4.1-a-y3.csv
DLC4.1-b-y1,0.19,20.0,2001,10,200.0,DLC4.1-b-y1.csv
DLC4.1-b-y2,0.17,20.0,2001,10,200.0,DLC4.1-b-y2.csv
DLC4.1-b-y3,0.16,20.0,2001,10,200.0,DLC4.1-b-y3.csv
DLC4.1-c-y1,0.21,20.0,2001,10,200.0,DLC4.1-c-y1.csv
DLC4.1-c-y2,0.31,20.0,2001,10,200.0,DLC4.1-c-y2.csv
DLC4.1-c-y3,0.55,20.0,2001,10,200.0,DLC4.1-c-y3.csv
DLC6.4-a-s1,3.0,20.0,6001,30,600.0,DLC6.4-a-s1.csv
DLC6.4-a-s2,3.0,20.0,6001,30,600.0,DLC6.4-a-s2.csv
DLC6.4-a-s3,3.0,20.0,6001,30,600.0,DLC6.4-a-s3.csv
DLC6.4-a-s4,3.0,20.0,6001,30,600.0,DLC6.4-a-s4.csv
DLC6.4-a-s5,3.0,20.0,6001,30,600.0,DLC6.4-a-s5.csv
DLC6.4-a-s6,3.0,20.0,6001,30,600.0,DLC6.4-a-s6.csv
DLC6.4-b-s1,0.36,20.0,6001,30,600.0,DLC6.4-b-s1.csv
DLC6.4-b-s2,0.37,20.0,6001,30,600.0,DLC6.4-b-s2.csv
DLC6.4-b-s3,0.28,20.0,6001,30,600.0,DLC6.4-b-s3.csv
DLC6.4-b-s4,0.5,20.0,6001,30,600.0,DLC6.4-b-s4.csv
DLC6.4-b-s5,0.61,20.0,6001,30,600.0,DLC6.4-b-s5.csv
DLC6.4-b-s6,0.3,20.0,6001,30,600.0,DLC6.4-b-s6.csv
